date,gauge_id,total_mm,max15_mm,n_readings,n_unchecked,n_good,n_other_quality,fetched_utc
2026-06-07,003e72e8-d476-4683-8b9e-e09013d1c5d9,0,0,96,0,96,0,2026-09-20T19:43:39Z
2026-06-07,005af543-8711-4f72-b465-29381d658a3a,2.2,0.4,96,0,96,0,2026-09-20T19:43:39Z
2026-06-07,00992da3-367d-49b6-9a39-ca6c75dbf444,4.5,1,96,96,0,0,2026-09-20T19:43:39Z
2026-06-07,00c815ec-2cad-4b4f-b0b8-d17ddef9925a,1.93,0.36,96,0,96,0,2026-09-20T19:43:39Z
2026-06-07,00d8d575-54a8-4200-bbe7-c18203212525,11.4,0.8,96,0,96,0,2026-09-20T19:43:39Z
2026-06-07,0112fdc2-7033-4871-9593-9e7c0cd7da25,1.82,0.4,96,0,96,0,2026-09-20T19:43:39Z
2026-06-07,01b46a35-34a9-4c4b-a2ed-38356a826017,0,0,96,96,0,0,2026-09-20T19:43:39Z
2026-06-07,01eecc8f-dae3-4cc0-8e09-d475265f74ec,2.6,0.8,96,0,96,0,2026-09-20T19:43:39Z
2026-06-07,026196fb-dc64-4e06-bc2b-ce360bd65a0a,0.4,0.2,96,0,96,0,2026-09-20T19:43:39Z
2026-06-07,02708dcb-2859-4b51-bb5c-e6d43aaeacab,7.9,0.5,96,0,96,0,2026-09-20T19:43:39Z
2026-06-07,02bd4687-2b55-4f42-b1cf-77066f01cc70,2.905,0.446,96,96,0,0,2026-09-20T19:43:39Z
2026-06-07,02bd591f-2864-4598-89e9-b12029fda416,10.34,0.84,96,96,0,0,2026-09-20T19:43:39Z
2026-06-07,0315fef3-ecc3-4a0d-a305-7bab91dd016f,0,0,96,96,0,0,2026-09-20T19:43:39Z
2026-06-07,0329331a-141d-4281-864b-39b4d69b41f2,0,0,96,96,0,0,2026-09-20T19:43:39Z
2026-06-07,036eca2e-76f8-41f4-9d49-557ef8e67f47,0,0,96,0,0,96,2026-09-20T19:43:39Z
2026-06-07,03fd9d1b-c6db-424c-a7e6-6800134b416c,1.301,0.3,96,96,0,0,2026-09-20T19:43:39Z
2026-06-07,0453dceb-90ef-4a8f-84cb-793c0acca456,0,0,96,96,0,0,2026-09-20T19:43:39Z
2026-06-07,0470415f-d2ba-4bcb-9994-87047e0ff2c2,0,0,96,0,0,96,2026-09-20T19:43:39Z
2026-06-07,04a1694b-bf2a-4607-a19c-ca386421f336,0,0,96,96,0,0,2026-09-20T19:43:39Z
2026-06-07,04c4a99a-48e8-4076-b095-f612cda57fe0,0,0,96,96,0,0,2026-09-20T19:43:39Z
2026-06-07,05161480-ee3c-4d7b-90ef-505d447451b7,7.2,0.8,96,0,96,0,2026-09-20T19:43:39Z
2026-06-07,051f1b2a-6aca-4402-8956-5474ad39b12a,0.2,0.2,96,0,96,0,2026-09-20T19:43:39Z
2026-06-07,057db6e6-a895-4795-b9f6-4d0dcfc9bc3a,0.16,0.05,96,0,96,0,2026-09-20T19:43:39Z
2026-06-07,058832c1-73f3-48a1-8ec1-190535d37dd0,3.2,0.6,96,96,0,0,2026-09-20T19:43:39Z
2026-06-07,05a74880-57a3-4868-bb3d-9a13aaf5e05c,0,0,96,96,0,0,2026-09-20T19:43:39Z
2026-06-07,05ac6ccc-673a-487a-bd42-1f174b7ca141,1.6,0.2,96,96,0,0,2026-09-20T19:43:39Z
2026-06-07,05d55cc4-d0da-4293-bd9f-07025fdcd689,0,0,96,0,96,0,2026-09-20T19:43:39Z
2026-06-07,05d8e49c-dc4f-42f9-a425-229809ec7802,1.2,0.4,96,0,96,0,2026-09-20T19:43:39Z
2026-06-07,0604776f-e579-4b63-840e-26a74c188843,13.83,1.04,96,96,0,0,2026-09-20T19:43:39Z
2026-06-07,0633c7dd-7509-4333-9029-1b4799265ac1,0,0,96,0,96,0,2026-09-20T19:43:39Z
2026-06-07,0675835c-6fa3-4d02-a072-c2011fd34c35,0,0,96,0,96,0,2026-09-20T19:43:39Z
2026-06-07,06dddd26-e12e-4e5b-a5e4-b45f35ad7cce,2.32,0.28,96,96,0,0,2026-09-20T19:43:39Z
2026-06-07,07b8c8fb-1a56-4577-93c5-ca370e54b089,0,0,96,0,0,96,2026-09-20T19:43:39Z
2026-06-07,07bc9f60-5541-43c7-965b-042b8150cf12,14.35,0.87,96,96,0,0,2026-09-20T19:43:39Z
2026-06-07,07c117b8-40d9-43b1-a13d-e75b7596ef4d,0,0,96,96,0,0,2026-09-20T19:43:39Z
2026-06-07,07fef0a9-1e76-414e-943b-4aa7092ff848,0,0,96,96,0,0,2026-09-20T19:43:39Z
2026-06-07,0869dd87-2f6f-43da-b9c6-2907c104a2de,0.03,0.01,96,0,96,0,2026-09-20T19:43:39Z
2026-06-07,08898f0e-0489-48d6-b8de-7527876e6995,1.73,0.22,96,0,96,0,2026-09-20T19:43:39Z
2026-06-07,0890fd81-f0b4-4c45-85af-2350f2373af7,2.4,0.6,96,96,0,0,2026-09-20T19:43:39Z
2026-06-07,089aad63-ce8f-4294-9216-5f4672ce5da0,0.07,0.01,96,0,96,0,2026-09-20T19:43:39Z
2026-06-07,08aea288-307b-42d4-8b40-baf79a461930,3.4,0.4,96,96,0,0,2026-09-20T19:43:39Z
2026-06-07,0906f1f6-284c-4b8e-9bae-c7f5c8da5fd4,0.8,0.2,96,96,0,0,2026-09-20T19:43:39Z
2026-06-07,09a1258e-cf73-4003-9bcc-7adb73553ec4,14.2,0.8,96,96,0,0,2026-09-20T19:43:39Z
2026-06-07,09eaa7f2-992c-47a7-99cb-65ef7ba9964a,1.71,0.22,96,96,0,0,2026-09-20T19:43:39Z
2026-06-07,0a37c7cf-0c60-4024-a5ef-b9c6c7c14600,0,0,96,96,0,0,2026-09-20T19:43:39Z
2026-06-07,0a8b3311-f905-40e3-9516-823b7eb8a946_603111,1.4,0.4,96,96,0,0,2026-09-20T19:43:39Z
2026-06-07,0b2d7e86-8de9-4f00-9b44-ca496a026750,0,0,96,0,96,0,2026-09-20T19:43:39Z
2026-06-07,0b4eede5-6217-41c8-be45-14900b018d3b,8.52,0.51,96,96,0,0,2026-09-20T19:43:39Z
2026-06-07,0bd852ee-96e3-486a-9b2a-1449e60b2e57,0,0,96,0,96,0,2026-09-20T19:43:39Z
2026-06-07,0c06307b-7241-4aa1-a8c4-879a4408886c,3.86,0.36,96,96,0,0,2026-09-20T19:43:39Z
2026-06-07,0c507fef-f677-4334-bef0-c0dae29f5dce,0.4,0.2,96,96,0,0,2026-09-20T19:43:39Z
2026-06-07,0cd6b88e-5414-44ed-8849-e06a31102e00,0,0,96,0,96,0,2026-09-20T19:43:39Z
2026-06-07,0d318972-896b-40ab-a33e-da4af8a5b7c1,0.4,0.2,96,96,0,0,2026-09-20T19:43:39Z
2026-06-07,0d331a9b-0b28-4cef-94c4-5e53e8f513b8,4.4,0.8,96,96,0,0,2026-09-20T19:43:39Z
2026-06-07,0daad8e5-cfea-4029-b2b8-4331aefab118,2,0.4,96,0,0,96,2026-09-20T19:43:39Z
2026-06-07,0db15228-ff3a-4206-b72f-9da53afb651c,0,0,96,0,96,0,2026-09-20T19:43:39Z
2026-06-07,0e46172e-b8b8-478c-94cf-33a4fdf1956f,0,0,96,0,96,0,2026-09-20T19:43:39Z
2026-06-07,0e4b1dd1-afe9-47ed-ab6d-3e01c074a11a,0.2,0.2,96,96,0,0,2026-09-20T19:43:39Z
2026-06-07,0e887352-6b58-4884-a07e-51ac32e85428,7.6,0.8,96,96,0,0,2026-09-20T19:43:39Z
2026-06-07,0eb77beb-d98e-48f1-9e2d-e494be9b5354,0.2,0.2,96,0,0,96,2026-09-20T19:43:39Z
2026-06-07,0eb95ca0-c75c-47f1-bca8-d1b9a3cb1ffe,14.4,0.6,96,0,0,96,2026-09-20T19:43:39Z
2026-06-07,0eba4d80-4108-49bc-9285-074e9776e57d,0.7,0.15,96,96,0,0,2026-09-20T19:43:39Z
2026-06-07,0fe265dd-c27d-4261-8889-11ae33e8279c_305737,0,0,96,0,0,96,2026-09-20T19:43:39Z
2026-06-07,0ff20a05-799e-4bac-aaea-9dc69aef188c,0,0,96,0,96,0,2026-09-20T19:43:39Z
2026-06-07,1049eaf5-a6dc-4928-926f-9361cda527b6,0.8,0.2,96,0,96,0,2026-09-20T19:43:39Z
2026-06-07,104ee43f-431f-40cf-8a70-508ef079a71b,0,0,96,0,96,0,2026-09-20T19:43:39Z
2026-06-07,1059a35a-374e-4473-892d-e7aa0cc03602,0.6,0.2,96,0,96,0,2026-09-20T19:43:39Z
2026-06-07,11070879-1ccb-4a52-bb60-5cf74a549431,0,0,96,0,96,0,2026-09-20T19:43:39Z
2026-06-07,111d5426-2362-421c-b300-d1e8f826ce54,6.4,1,96,0,96,0,2026-09-20T19:43:39Z
2026-06-07,112ac843-c62b-4e90-ad7b-8f675998b575,0,0,96,0,96,0,2026-09-20T19:43:39Z
2026-06-07,112af4fb-859e-49b4-bbc7-c43d8552accc,0,0,96,0,96,0,2026-09-20T19:43:39Z
2026-06-07,1149fc5d-9a0b-48f5-9f18-f955cd59ef0d,1.922,0.325,96,96,0,0,2026-09-20T19:43:39Z
2026-06-07,114bc24c-d68c-4ed5-bdda-a3604f33ff49,0,0,25,25,0,0,2026-09-20T19:43:39Z
2026-06-07,1183c964-5cb4-464c-8f7f-c11e9482000c,3.97,0.5,96,0,96,0,2026-09-20T19:43:39Z
2026-06-07,11a89f6e-a1ea-4386-92b7-db3e1f32d0da,0,0,96,96,0,0,2026-09-20T19:43:39Z
2026-06-07,11c77a77-1b92-4f7a-ac0f-5a654786b950,0,0,96,0,96,0,2026-09-20T19:43:39Z
2026-06-07,125b2167-6fe0-4e51-8976-50a733f3d690,0.03,0.02,96,0,96,0,2026-09-20T19:43:39Z
2026-06-07,127f4da7-2dab-4e69-b7cf-f1a6de03837a,2.01,0.36,96,96,0,0,2026-09-20T19:43:39Z
2026-06-07,129df60a-82e8-4f4b-a59d-94dd9dcb384c,7.14,0.55,96,0,96,0,2026-09-20T19:43:39Z
2026-06-07,12a57a77-9663-408b-a91d-4bf7d0de5e9b,1.8,0.4,96,96,0,0,2026-09-20T19:43:39Z
2026-06-07,12dc406e-0ce6-438c-9314-13254ec23f78,0.72,0.27,96,96,0,0,2026-09-20T19:43:39Z
2026-06-07,12ede3c0-861a-45f9-88a8-6170ff13a6ae_591419,7.4,0.8,96,0,96,0,2026-09-20T19:43:39Z
2026-06-07,130d2abc-a870-4c7b-966a-66809956b8e6,10.2,1.2,96,0,96,0,2026-09-20T19:43:39Z
2026-06-07,13398e87-4b24-4579-a952-3721131d2e67,0.2,0.1,96,96,0,0,2026-09-20T19:43:39Z
2026-06-07,1351ab47-bfc9-4f75-b75e-6a827e9cf00d,9.42,0.84,96,0,96,0,2026-09-20T19:43:39Z
2026-06-07,13800a12-9d22-4641-b983-dc5817a00869,2.8,0.6,96,96,0,0,2026-09-20T19:43:39Z
2026-06-07,141bb0ca-277a-43d8-b318-3916d130f06b,2.73,0.65,96,0,96,0,2026-09-20T19:43:39Z
2026-06-07,141e8eb2-f567-4faf-9ba5-ba839a38b8ed,0,0,96,0,0,96,2026-09-20T19:43:39Z
2026-06-07,14306ece-d3e1-4c96-8532-076cfaf302ec,0.01,0.01,96,0,96,0,2026-09-20T19:43:39Z
2026-06-07,14aadf3c-3d4d-44b3-b26b-cf705827d00e_377323,0.5,0.2,96,96,0,0,2026-09-20T19:43:39Z
2026-06-07,14ad0c4f-65cc-4dd9-afd3-44f13ceaea7f_294452,0.11,0.02,96,0,96,0,2026-09-20T19:43:39Z
2026-06-07,14aecaee-efda-4bf6-9433-f2dd67432717_585160,7.65,0.88,96,96,0,0,2026-09-20T19:43:39Z
2026-06-07,14cc54d5-b870-47a3-9cdb-dae46ed1fe2d,0,0,96,0,96,0,2026-09-20T19:43:39Z
2026-06-07,15202aee-c5fd-404d-9de9-7357174ad10c,0.02,0.01,96,96,0,0,2026-09-20T19:43:39Z
2026-06-07,15bdbfdf-ef3c-4998-a23d-f6751da93caa,0,0,96,0,96,0,2026-09-20T19:43:39Z
2026-06-07,15cbbf1a-f7ee-4dba-8949-b71e2e611ec9,0,0,96,96,0,0,2026-09-20T19:43:39Z
2026-06-07,1619e160-ab92-4918-a813-e4a6bb84ce45,7.6,1,96,96,0,0,2026-09-20T19:43:39Z
2026-06-07,17229955-c5f7-433e-a49b-48a1165d7ac5,2.4,0.4,96,96,0,0,2026-09-20T19:43:39Z
2026-06-07,176738e0-c8cf-488a-8a51-c12c64daab18,0,0,96,0,96,0,2026-09-20T19:43:39Z
2026-06-07,176f6224-595b-4f45-8943-8120b50ae921,0.6,0.2,96,0,96,0,2026-09-20T19:43:39Z
2026-06-07,17b18ea7-be13-4b9a-9cc3-ec23260a70a4,2.2,0.6,96,0,96,0,2026-09-20T19:43:39Z
2026-06-07,17ebc87b-9980-472a-92bd-715a1b50f053,0,0,96,96,0,0,2026-09-20T19:43:39Z
2026-06-07,17f1b1e8-a684-4b50-8aa7-31b2088ce007,0.7,0.1,96,96,0,0,2026-09-20T19:43:39Z
2026-06-07,17f90547-f5f9-467b-b7fa-fa4d99b260e7,2,0.6,96,0,96,0,2026-09-20T19:43:39Z
2026-06-07,1892e166-c374-4a81-8d4b-e83571d9ab1a,1.8,0.4,96,0,96,0,2026-09-20T19:43:39Z
2026-06-07,18a394f3-f001-463a-947a-d116ee2daa96,0,0,96,0,96,0,2026-09-20T19:43:39Z
2026-06-07,18a91b77-9459-43ed-b9ba-4ee935a9a2d3,0.14,0.05,96,0,96,0,2026-09-20T19:43:39Z
2026-06-07,18c67653-3fe9-4953-95f9-004ce6f57280,1.8,0.4,96,0,0,96,2026-09-20T19:43:39Z
2026-06-07,190bb6dd-c9e5-41e5-b6ba-56ff807c5ed9,3,0.4,96,96,0,0,2026-09-20T19:43:39Z
2026-06-07,19f33dd4-d9c3-42d0-8beb-e9db7f145b72,4.71,0.52,96,0,96,0,2026-09-20T19:43:39Z
2026-06-07,1aa8057c-7be4-4c7c-8a7d-0616effaea2b_LANGRR,0,0,96,96,0,0,2026-09-20T19:43:39Z
2026-06-07,1aaab606-a4fd-4ea5-a4f3-f2a3d71726fe,3.8,0.8,96,96,0,0,2026-09-20T19:43:39Z
2026-06-07,1ab54b87-7e30-496a-a8d8-ac26df675df9,0.13,0.12,96,96,0,0,2026-09-20T19:43:39Z
2026-06-07,1ad8ff76-625d-4ff1-82bd-9efcc5d41b2f_264254TP,0,0,96,0,96,0,2026-09-20T19:43:39Z
2026-06-07,1b07dcb9-bb52-459e-b2da-d0d302acbcfb,3.6,0.4,96,0,96,0,2026-09-20T19:43:39Z
2026-06-07,1b37e9d0-3bcb-4faf-8112-2fb1a67d3963,0,0,96,96,0,0,2026-09-20T19:43:39Z
2026-06-07,1baee275-a6e3-4bcc-9788-33c88df3773e,0.52,0.16,96,96,0,0,2026-09-20T19:43:39Z
2026-06-07,1bc17e8e-1962-43d1-8618-278efe8838d1,0,0,96,0,96,0,2026-09-20T19:43:39Z
2026-06-07,1c06d633-a311-43f8-871e-73d63b86958c,0,0,96,0,96,0,2026-09-20T19:43:39Z
2026-06-07,1c1b8275-5faf-4052-9805-58166bff52e4,7.98,0.71,96,96,0,0,2026-09-20T19:43:39Z
2026-06-07,1d74cf8f-4e30-472f-a276-a5ba9fd0d3a4,4,0.6,96,0,96,0,2026-09-20T19:43:39Z
2026-06-07,1dabd12c-1d2e-4765-ae38-a4d5a121928d,0,0,96,96,0,0,2026-09-20T19:43:39Z
2026-06-07,1de96d33-1f61-461f-ba25-b00e4b1d2ad5,3.6,0.8,96,0,96,0,2026-09-20T19:43:39Z
2026-06-07,1efd871c-0625-4d1c-aaf2-660481d564cb,0.74,0.23,96,96,0,0,2026-09-20T19:43:39Z
2026-06-07,1f4f332d-5eb9-4c61-be92-300435f57c84,0.09,0.09,96,0,96,0,2026-09-20T19:43:39Z
2026-06-07,1f4f4ae6-ef87-4838-aa96-a13e9fe60b86,0.17,0.02,96,0,96,0,2026-09-20T19:43:39Z
2026-06-07,1f9ac254-c45b-4a9a-9b59-4d1b8365f7aa,0.6,0.4,96,96,0,0,2026-09-20T19:43:39Z
2026-06-07,1fa202fe-8d91-44f5-89d7-dc1c493c3442,2.47,0.5,96,0,96,0,2026-09-20T19:43:39Z
2026-06-07,1feaa8eb-3317-4db1-90fc-d3c17ce012e4_551440,0.4,0.2,96,0,96,0,2026-09-20T19:43:39Z
2026-06-07,20009a47-099f-43a3-9849-51dad7c11afe,0,0,96,96,0,0,2026-09-20T19:43:39Z
2026-06-07,202bf87b-a369-4936-98d0-0830f34d93d3,0.8,0.2,96,0,96,0,2026-09-20T19:43:39Z
2026-06-07,20a47985-9fff-414a-b3de-1785356b35fa,0,0,96,0,96,0,2026-09-20T19:43:39Z
2026-06-07,20c4b68f-e376-4329-8d07-7f9580220c4a,0.04,0.03,96,0,96,0,2026-09-20T19:43:39Z
2026-06-07,213d70b2-894b-406b-9dc3-31d3ccec7f54_605936,2.01,0.37,96,96,0,0,2026-09-20T19:43:39Z
2026-06-07,21992d7f-ca19-47a9-a41b-3b67ff8e7b67,2.7,0.6,96,96,0,0,2026-09-20T19:43:39Z
2026-06-07,21a6664c-9625-46be-bc33-176bb5419e64,0.4,0.1,96,96,0,0,2026-09-20T19:43:39Z
2026-06-07,23315ae3-114b-46e0-b954-6297453e14e0,12.4,1,96,0,96,0,2026-09-20T19:43:39Z
2026-06-07,23316cc6-5797-4b8e-b065-0e161b67e398_155593,3.6,0.6,96,96,0,0,2026-09-20T19:43:39Z
2026-06-07,23336c41-5fe7-46c7-a29d-4bc18c5bc7c8,2.4,0.4,96,96,0,0,2026-09-20T19:43:39Z
2026-06-07,2356d041-4467-4e13-81dd-07b955921f86,0,0,96,0,96,0,2026-09-20T19:43:39Z
2026-06-07,238ee2c1-780d-41cc-8f93-86b57873e1aa,0,0,96,96,0,0,2026-09-20T19:43:39Z
2026-06-07,23aaf2a7-2b8c-4a2c-9b83-c7d0515f237e,0,0,96,96,0,0,2026-09-20T19:43:39Z
2026-06-07,244025a2-dc9f-4360-a25c-fed437fa1916_369504,0.8,0.2,96,0,96,0,2026-09-20T19:43:39Z
2026-06-07,24601f4b-c114-41a3-9d46-ae6b491bf75f,0.63,0.36,96,96,0,0,2026-09-20T19:43:39Z
2026-06-07,248674d5-5c76-4ba2-90a1-142586a44a04,9.1,0.6,96,0,96,0,2026-09-20T19:43:39Z
2026-06-07,24ceb31a-d204-4583-9219-ec2f1672e06a,0.24,0.2,96,0,96,0,2026-09-20T19:43:39Z
2026-06-07,24e49f5d-6013-478b-8389-174938b959a6,1.6,0.4,96,96,0,0,2026-09-20T19:43:39Z
2026-06-07,2597929c-7aa4-499e-8706-a9be3fc1056b,0,0,96,0,0,96,2026-09-20T19:43:39Z
2026-06-07,25e4ad4c-6d6d-4f33-830d-6d8937d80d79,2.6,0.8,96,96,0,0,2026-09-20T19:43:39Z
2026-06-07,2619c6f8-3e93-4ec9-a4a1-96bb53b4cdbb,0,0,96,96,0,0,2026-09-20T19:43:39Z
2026-06-07,26587fbd-58e7-4fab-92db-68a2e9e47197,3,0.4,96,96,0,0,2026-09-20T19:43:39Z
2026-06-07,26610421-7244-4516-939f-e8ce64217c9e,4,0.8,96,96,0,0,2026-09-20T19:43:39Z
2026-06-07,2670ef9d-cb11-4131-966b-9361a780e977_431325,3.6,0.6,96,0,96,0,2026-09-20T19:43:39Z
2026-06-07,26c4378b-403b-4f22-b66a-bcdea2918cf7,4.6,0.6,96,96,0,0,2026-09-20T19:43:39Z
2026-06-07,26cd5df2-d1c3-438a-bcc2-4a2126f5b9d2,0.2,0.1,96,96,0,0,2026-09-20T19:43:39Z
2026-06-07,2752409e-2ea3-4318-bfa3-2e0707b75374,0.2,0.2,96,0,96,0,2026-09-20T19:43:39Z
2026-06-07,27ecc928-3642-47fc-86ee-708d2fbf2881,0,0,96,96,0,0,2026-09-20T19:43:39Z
2026-06-07,28356309-3506-492d-a113-d2e99ade9a2c,0.342,0.123,96,96,0,0,2026-09-20T19:43:39Z
2026-06-07,28939e82-337c-4a02-b9d2-fc1c62684b00,1.13,0.19,96,0,96,0,2026-09-20T19:43:39Z
2026-06-07,28b56abb-65bd-480a-b03f-0cdaf5d86e61,7.8,1.2,96,0,96,0,2026-09-20T19:43:39Z
2026-06-07,28dbc689-7dcb-4cf2-8786-a97f30e4a4dd_573342,2,0.2,96,0,81,15,2026-09-20T19:43:39Z
2026-06-07,28fcd143-8895-4559-b6c0-bca19d8655ed,3.4,0.6,96,96,0,0,2026-09-20T19:43:39Z
2026-06-07,28fde7e4-8ec6-41cf-9918-345a7227598b,0,0,96,96,0,0,2026-09-20T19:43:39Z
2026-06-07,29d21f53-08fe-4d96-9110-24ba980a67af,12.8,0.8,96,0,96,0,2026-09-20T19:43:39Z
2026-06-07,2a287421-2da5-448f-9e5c-7b8a18e88f02,4.22,0.36,96,96,0,0,2026-09-20T19:43:39Z
2026-06-07,2a80e028-1b16-4234-9fd9-48b6ed11633c,2.4,0.4,96,96,0,0,2026-09-20T19:43:39Z
2026-06-07,2a8ae42c-5e2b-447d-b702-bd11f9874c14,8.27,0.66,96,0,96,0,2026-09-20T19:43:39Z
2026-06-07,2aa2877b-54ed-4a2e-a2a8-e0a817c1c0b2,0.1,0.1,96,96,0,0,2026-09-20T19:43:39Z
2026-06-07,2b23c378-60c8-4d9c-93d3-cb453b41555f,0,0,96,0,96,0,2026-09-20T19:43:39Z
2026-06-07,2b4bfec0-2bb8-4fbe-8a4b-5cca8952c8c9,0.04,0.02,96,0,96,0,2026-09-20T19:43:39Z
2026-06-07,2b6de726-2c21-45f4-ac92-8840fa3cf7a0,0,0,96,0,0,96,2026-09-20T19:43:39Z
2026-06-07,2b849897-a5e1-40d8-8b2d-bdab93ba8cf6_026644,1,0.2,96,96,0,0,2026-09-20T19:43:39Z
2026-06-07,2be998d6-483f-4f03-af6f-787882caff67,0,0,96,96,0,0,2026-09-20T19:43:39Z
2026-06-07,2bf72adf-85b8-4d00-ba38-dd6fbdc43459,0.29,0.1,96,0,96,0,2026-09-20T19:43:39Z
2026-06-07,2c056812-32d1-4ab0-8640-60bca6bd165c,0.05,0.05,96,0,96,0,2026-09-20T19:43:39Z
2026-06-07,2c2eec99-edef-4b33-91bc-9be9d53d99a6,0,0,96,96,0,0,2026-09-20T19:43:39Z
2026-06-07,2c7c738a-a732-41aa-aa65-48a6d8cab0b4,3.6,0.4,96,96,0,0,2026-09-20T19:43:39Z
2026-06-07,2c82da88-6688-4bf2-bfb6-4597a6ee35ad,0,0,96,96,0,0,2026-09-20T19:43:39Z
2026-06-07,2ce752d1-912d-4ed0-a160-8abaec515efc,0,0,39,0,39,0,2026-09-20T19:43:39Z
2026-06-07,2cea1aaa-a86f-4e17-975b-2f5b519d13d7,3.2,0.6,96,96,0,0,2026-09-20T19:43:39Z
2026-06-07,2dc0c0d3-501e-4e69-8a48-d72837fbd195,1.397,0.246,96,96,0,0,2026-09-20T19:43:39Z
2026-06-07,2df719bf-0e40-4725-a3be-e674e76d669e,0,0,96,0,96,0,2026-09-20T19:43:39Z
2026-06-07,2e68c090-ed7e-4146-8cf8-18ee56d2ba27,2.49,0.34,96,0,96,0,2026-09-20T19:43:39Z
2026-06-07,2ed1a45a-faa9-40d7-92b9-962d608fc905,1.8,0.2,96,0,96,0,2026-09-20T19:43:39Z
2026-06-07,2eed6df0-bf20-473d-b361-bbe6ff0bd85b,0,0,96,0,96,0,2026-09-20T19:43:39Z
2026-06-07,2f5c1cfb-ad57-4909-9ac6-3423c45735e0,25.4,2,96,96,0,0,2026-09-20T19:43:39Z
2026-06-07,2fb955e7-e7c4-413a-a252-30a24335c1bb,3.6,0.6,96,0,96,0,2026-09-20T19:43:39Z
2026-06-07,2fe9567a-7251-4ba4-b054-a67a3435b9bb,4,0.6,96,0,96,0,2026-09-20T19:43:39Z
2026-06-07,3007f50c-258d-41c6-bba5-f48e0a67626c,4.4,0.6,96,96,0,0,2026-09-20T19:43:39Z
2026-06-07,30084d74-4cb8-4148-b775-28bd733fae67,0,0,96,0,96,0,2026-09-20T19:43:39Z
2026-06-07,301c6ce9-1a7e-40bf-b447-311a3c68551a,0.24,0.12,96,0,96,0,2026-09-20T19:43:39Z
2026-06-07,303c52b4-4ead-4a5f-8c82-6b38027de4d8,0.7,0.2,96,96,0,0,2026-09-20T19:43:39Z
2026-06-07,3095aa67-a4ce-42e1-87bc-2a77ba2057b5,0.61,0.26,96,0,96,0,2026-09-20T19:43:39Z
2026-06-07,309bbb6c-7a30-45d2-9983-f973e8a61381,0,0,96,0,96,0,2026-09-20T19:43:39Z
2026-06-07,30db70f6-a24c-484e-935c-0adfc55e5c3a,2.41,0.33,96,0,96,0,2026-09-20T19:43:39Z
2026-06-07,31653dd5-c1ed-4091-a860-5e8d25936861,0,0,96,96,0,0,2026-09-20T19:43:39Z
2026-06-07,319c64d4-8652-4fcf-8314-278a9bcff9e2,0,0,96,96,0,0,2026-09-20T19:43:39Z
2026-06-07,31c91c31-caea-4e98-8b2c-1caa64f525be,6,1.2,96,96,0,0,2026-09-20T19:43:39Z
2026-06-07,31cf68b4-af70-407c-865a-20105ac076dd,0,0,96,0,96,0,2026-09-20T19:43:39Z
2026-06-07,31d29b82-3ab0-4cb0-be90-4a7800b599ca_228985,0,0,96,96,0,0,2026-09-20T19:43:39Z
2026-06-07,322a215f-fd23-4b66-a44f-57c21b456d07,0.2,0.1,96,0,96,0,2026-09-20T19:43:39Z
2026-06-07,323b21d8-c9a4-4681-bc5c-62d7337993ac,0.1,0.1,96,96,0,0,2026-09-20T19:43:39Z
2026-06-07,327f92d6-7034-4a12-a346-4839b2b1e3f3,0,0,96,0,96,0,2026-09-20T19:43:39Z
2026-06-07,32e9200f-82d0-4fde-8bee-643987ee9071,0.04,0.02,96,0,96,0,2026-09-20T19:43:39Z
2026-06-07,335ef607-0e2a-4ee3-b85e-63f81157fd9c,1.27,0.16,96,96,0,0,2026-09-20T19:43:39Z
2026-06-07,33de9856-f15e-4281-941e-590fae2d35f3,0.35,0.08,96,0,96,0,2026-09-20T19:43:39Z
2026-06-07,342fc823-717e-41ff-ae4e-1549c54d2e87,8.78,0.84,96,0,96,0,2026-09-20T19:43:39Z
2026-06-07,346d6129-ea98-400b-89a0-200fb9a568c0,1.4,0.2,96,96,0,0,2026-09-20T19:43:39Z
2026-06-07,349a104c-a145-4192-963a-35266a622c0b,0,0,96,0,96,0,2026-09-20T19:43:39Z
2026-06-07,34f4e53b-4616-4aaa-b8ad-170c22c808c4_589359,12,1.8,96,96,0,0,2026-09-20T19:43:39Z
2026-06-07,359a20c5-aca4-4af7-b752-c5aec4eada76,0.2,0.2,96,96,0,0,2026-09-20T19:43:39Z
2026-06-07,3677b439-5ea3-4968-b139-47b4d364d60a,0,0,96,0,96,0,2026-09-20T19:43:39Z
2026-06-07,36b0419d-2361-494b-ae48-da2466c00a05,0,0,96,96,0,0,2026-09-20T19:43:39Z
2026-06-07,36b73677-b975-44db-b658-378a5f0fae54,4.6,0.6,96,96,0,0,2026-09-20T19:43:39Z
2026-06-07,36d298d3-1098-4dc7-afab-e98dabca8c87,3,0.6,96,96,0,0,2026-09-20T19:43:39Z
2026-06-07,3724686d-985c-41c6-bb69-a482baaea6db,0,0,96,96,0,0,2026-09-20T19:43:39Z
2026-06-07,377eecad-abaf-409d-862e-61a885267910,0.838,0.147,96,96,0,0,2026-09-20T19:43:39Z
2026-06-07,3912da22-3329-484f-b45c-e58eb7880e4f,0,0,96,0,96,0,2026-09-20T19:43:39Z
2026-06-07,3944527a-7e03-49e4-b50b-d9e46bce380a,3.8,0.6,96,0,96,0,2026-09-20T19:43:39Z
2026-06-07,395d4406-8ac5-4236-bc6e-ee0ee7913757,0,0,96,96,0,0,2026-09-20T19:43:39Z
2026-06-07,395e4729-6777-4ea6-904b-a90ba6f4d643,0,0,96,96,0,0,2026-09-20T19:43:39Z
2026-06-07,3976e259-4fa9-493b-b12d-db1430a44b2b,8.35,0.92,96,96,0,0,2026-09-20T19:43:39Z
2026-06-07,39ada906-424b-4e70-a076-978760827cf6,0.105,0.026,96,0,96,0,2026-09-20T19:43:39Z
2026-06-07,39bbe3f9-cf05-423d-b5dd-3e2e5816dc65,2.8,0.6,96,0,96,0,2026-09-20T19:43:39Z
2026-06-07,3a00d049-d6fa-4f73-aa3c-b521454ee422,1,0.22,96,0,96,0,2026-09-20T19:43:39Z
2026-06-07,3a20abc3-ed82-4a28-8643-6d97ab5b7690,0,0,96,96,0,0,2026-09-20T19:43:39Z
2026-06-07,3b0dd228-5793-441a-8db5-18ef6c72c56a,3,0.6,96,96,0,0,2026-09-20T19:43:39Z
2026-06-07,3bbf1fae-dff2-429b-8f7e-ea5a97fe197f,0,0,96,96,0,0,2026-09-20T19:43:39Z
2026-06-07,3c16a398-d9b5-47c5-8c7e-f838cefd50c1,2.6,0.4,96,96,0,0,2026-09-20T19:43:39Z
2026-06-07,3c5a52d2-388d-4b82-9a5f-9c9c5023cf54,0,0,96,0,96,0,2026-09-20T19:43:39Z
2026-06-07,3c60f595-ab49-4ef8-96da-56edb5fc6e79,0.8,0.2,96,0,96,0,2026-09-20T19:43:39Z
2026-06-07,3d644c76-b545-4ee5-85d4-f445348d2782,0,0,96,96,0,0,2026-09-20T19:43:39Z
2026-06-07,3d8ef8a2-b199-4e08-80b9-ac7640234e2e,0,0,96,0,96,0,2026-09-20T19:43:39Z
2026-06-07,3dd4d04b-4002-4908-b8fa-bd1f1e4d436e,0.06,0.02,96,96,0,0,2026-09-20T19:43:39Z
2026-06-07,3df464fe-cd1a-4adb-bd6d-9abcc1d1be77,5.2,0.6,96,96,0,0,2026-09-20T19:43:39Z
2026-06-07,3e0e16e2-862e-403a-8097-24648a6e3a3b,6.8,0.4,96,0,96,0,2026-09-20T19:43:39Z
2026-06-07,3f4703fc-0210-4af1-9d2c-d823af62193c,0,0,96,0,96,0,2026-09-20T19:43:39Z
2026-06-07,402e51a1-ed1f-498b-b63f-c96bbf871735,4.4,0.47,96,0,96,0,2026-09-20T19:43:39Z
2026-06-07,406dff36-756d-417d-befd-157342f900c8,7.12,0.81,96,96,0,0,2026-09-20T19:43:39Z
2026-06-07,40e8abd2-f395-42c8-95b1-b22c3348b0b5_405278,0.72,0.192,96,96,0,0,2026-09-20T19:43:39Z
2026-06-07,4105d4aa-f7bd-4a61-a98d-3b40f7624380,0,0,96,96,0,0,2026-09-20T19:43:39Z
2026-06-07,4169ffbd-0b55-48de-bfe8-8c9ee4bfd294,0,0,96,0,96,0,2026-09-20T19:43:39Z
2026-06-07,41ed9dae-696d-4f55-bf55-15bab328c637,5.2,0.8,96,96,0,0,2026-09-20T19:43:39Z
2026-06-07,42d5dd4d-772f-4d26-abdf-22a956777afd,0,0,96,96,0,0,2026-09-20T19:43:39Z
2026-06-07,42ffc126-1703-48c5-b2a8-ee9ab7e3cc25,5.25,0.48,96,0,96,0,2026-09-20T19:43:39Z
2026-06-07,43099d11-b8db-4181-8c77-1d4be4c6610b,0.8,0.4,96,96,0,0,2026-09-20T19:43:39Z
2026-06-07,445f2262-65b1-4904-9587-c9bdfea18d50,6.1,0.58,96,96,0,0,2026-09-20T19:43:39Z
2026-06-07,44782f5b-baba-458a-a644-ecedea4c9cda,0.919,0.157,96,96,0,0,2026-09-20T19:43:39Z
2026-06-07,44b1c019-e9b3-402c-a8ac-b09683e3d886,3.6,1.2,96,96,0,0,2026-09-20T19:43:39Z
2026-06-07,44cd7185-21f4-434c-9a82-07538125dcdb,0,0,42,42,0,0,2026-09-20T19:43:39Z
2026-06-07,44f6ceef-d1b9-4401-bdac-f43f7534f78b,7.6,0.6,96,96,0,0,2026-09-20T19:43:39Z
2026-06-07,45104b8e-6f22-40bf-b6dd-612621db7204,0,0,96,0,96,0,2026-09-20T19:43:39Z
2026-06-07,452c7c1e-752b-474b-8e87-5ea306020fc8,0.4,0.2,96,96,0,0,2026-09-20T19:43:39Z
2026-06-07,45a3c3a9-72be-4af6-9111-9e9064715cfb,0.94,0.35,96,0,96,0,2026-09-20T19:43:39Z
2026-06-07,45aa98ea-8311-4333-9175-aa4519622eda,7.8,0.6,96,0,96,0,2026-09-20T19:43:39Z
2026-06-07,4667117d-69b2-4245-80eb-52a49cc284b6,2,0.4,96,96,0,0,2026-09-20T19:43:39Z
2026-06-07,4690aa10-cd1c-4309-9503-279768ab4ba1,12.94,0.88,96,96,0,0,2026-09-20T19:43:39Z
2026-06-07,471298fd-efa2-4fce-914e-6018cf0a7253,0,0,96,96,0,0,2026-09-20T19:43:39Z
2026-06-07,473b5731-fe3d-41f3-9fa7-959d84766c79,1.84,0.4,96,96,0,0,2026-09-20T19:43:39Z
2026-06-07,477a1639-3b67-4b1f-8c7f-66ac2a69c0e2,0,0,96,96,0,0,2026-09-20T19:43:39Z
2026-06-07,47f02ad2-eb64-467d-b27e-01d434a3d629,3.6,0.4,96,96,0,0,2026-09-20T19:43:39Z
2026-06-07,48391922-4329-4a37-b253-7df1de363fa2,2.8,0.4,96,0,0,96,2026-09-20T19:43:39Z
2026-06-07,48d0beea-7183-45d6-a8c7-cdee797a3c53,0,0,96,0,96,0,2026-09-20T19:43:39Z
2026-06-07,48e0df21-a0d4-46f0-9234-ee9306935416,0,0,96,96,0,0,2026-09-20T19:43:39Z
2026-06-07,499def0b-7c12-47da-ae35-e94dfb710b7c,0.01,0.01,96,0,96,0,2026-09-20T19:43:39Z
2026-06-07,49d1333d-2c75-4914-b0b0-7c432ca74bef,4,0.8,96,96,0,0,2026-09-20T19:43:39Z
2026-06-07,49ef0934-49fa-4150-b1d2-83b14f6e3724_490001TP,0,0,96,0,96,0,2026-09-20T19:43:39Z
2026-06-07,4a238ca4-a370-4fc5-adaa-eb8e48f6bef5,0,0,96,96,0,0,2026-09-20T19:43:39Z
2026-06-07,4ada3c7b-bd8c-4961-b27a-1ccef1217e2a,0.032,0.021,96,96,0,0,2026-09-20T19:43:39Z
2026-06-07,4aed3d03-372d-406a-9bd9-c89c8b212b01,14.9,1.1,96,96,0,0,2026-09-20T19:43:39Z
2026-06-07,4afec576-72d8-4a5f-a33b-10a702f29ace,0,0,96,0,96,0,2026-09-20T19:43:39Z
2026-06-07,4cb01f29-742a-4b9f-918f-8c50310c1284_592860,12.6,1.4,96,0,96,0,2026-09-20T19:43:39Z
2026-06-07,4cbec7fb-d103-4853-a617-f6f87cd8d822,0,0,96,0,96,0,2026-09-20T19:43:39Z
2026-06-07,4cc41bef-deaa-45e1-b60c-5813251a552d,0,0,96,0,96,0,2026-09-20T19:43:39Z
2026-06-07,4cc44462-7a30-47b7-8e33-6c3dd9212b47,5.8,0.8,96,0,96,0,2026-09-20T19:43:39Z
2026-06-07,4d0af325-321c-4e56-afe1-e0a7beedad94,4.76,0.45,96,96,0,0,2026-09-20T19:43:39Z
2026-06-07,4d3f8d85-e9c8-41ce-9cc1-b8a7a60d4964,0,0,96,0,0,96,2026-09-20T19:43:39Z
2026-06-07,4db44fd1-9e86-4165-8123-b0ce573a76a9,0,0,96,0,96,0,2026-09-20T19:43:39Z
2026-06-07,4de93ff7-fbbb-41c0-b7ff-452d8910d98a,2.4,0.4,96,96,0,0,2026-09-20T19:43:39Z
2026-06-07,4e00b4e3-af60-47cf-afe7-b36ac774ca82,0,0,96,96,0,0,2026-09-20T19:43:39Z
2026-06-07,4e8684a4-db8e-45d3-a581-888c2b99420b,0,0,96,96,0,0,2026-09-20T19:43:39Z
2026-06-07,4edb0b73-a2f5-473c-a22f-a72b4839869e,1,0.4,96,96,0,0,2026-09-20T19:43:39Z
2026-06-07,4ef26288-d6cb-48b9-b5ba-df0f8c7b387f,0,0,96,96,0,0,2026-09-20T19:43:39Z
2026-06-07,4f55594a-e352-43f5-a11d-fce433e8ed85,1.18,0.27,96,0,96,0,2026-09-20T19:43:39Z
2026-06-07,4f9851c6-22a0-4e2a-84a8-eff585b04269,0.13,0.1,96,96,0,0,2026-09-20T19:43:39Z
2026-06-07,4fb67772-84c5-4ac7-876d-c814c7be0b16,0,0,96,0,96,0,2026-09-20T19:43:39Z
2026-06-07,4fc95a71-1a6d-4ad9-9fef-700c397db279,4,0.4,96,96,0,0,2026-09-20T19:43:39Z
2026-06-07,5035613c-f5b4-408c-be3a-43a3298fd0d0,0,0,96,0,96,0,2026-09-20T19:43:39Z
2026-06-07,5076860e-6c9f-4112-8431-25678af24522,0,0,96,96,0,0,2026-09-20T19:43:39Z
2026-06-07,5086b349-e04b-4f8e-b8f1-fa92b21078d0_256230TP,0.06,0.04,96,96,0,0,2026-09-20T19:43:39Z
2026-06-07,50ec6d91-ccdb-4d2f-92c1-594e6e05760b,2,0.4,96,96,0,0,2026-09-20T19:43:39Z
2026-06-07,50fad354-340b-4f77-bd11-2c7f464c076e,0,0,96,96,0,0,2026-09-20T19:43:39Z
2026-06-07,513abf6b-b269-4400-8828-7e833fd93eb8,0,0,96,96,0,0,2026-09-20T19:43:39Z
2026-06-07,521241a8-deac-47b5-bcd5-e3420f00ed8c,0.2,0.2,96,0,0,96,2026-09-20T19:43:39Z
2026-06-07,5214fca8-b1f4-4a7d-a41e-71f1941f959b_035103,0,0,96,0,96,0,2026-09-20T19:43:39Z
2026-06-07,524a8fa0-d70b-4a0a-b178-ca765e73b8bc,0,0,96,0,96,0,2026-09-20T19:43:39Z
2026-06-07,5281537a-e4d8-44a7-953f-4ed7a9de7184,0,0,96,0,0,96,2026-09-20T19:43:39Z
2026-06-07,52a0e101-be9f-4680-aa58-529b7e728d84,0.18,0.07,96,96,0,0,2026-09-20T19:43:39Z
2026-06-07,53252b42-d77a-47ba-9001-6def0b761af0,0,0,96,96,0,0,2026-09-20T19:43:39Z
2026-06-07,533132ce-7d11-4b33-b959-ff8fa7cdc5bb,0,0,96,0,96,0,2026-09-20T19:43:39Z
2026-06-07,544ebd35-80a9-49e4-9a4f-aa7966c0dcbc,0,0,96,96,0,0,2026-09-20T19:43:39Z
2026-06-07,5466e4ec-fcb6-47f5-bb1f-fd1a54e108da,0.03,0.01,96,96,0,0,2026-09-20T19:43:39Z
2026-06-07,547c4dd3-5eca-4c37-a79e-bc1e5801b816,0,0,96,0,96,0,2026-09-20T19:43:39Z
2026-06-07,54878e71-5dc3-427d-8197-f68173fee3f2,3.8,0.4,96,0,96,0,2026-09-20T19:43:39Z
2026-06-07,54ebeea9-0567-4b70-a336-c2d566302df3,0,0,96,0,96,0,2026-09-20T19:43:39Z
2026-06-07,551f69bb-468c-4218-ba4d-b694de04da96,0.04,0.02,96,0,0,96,2026-09-20T19:43:39Z
2026-06-07,56120538-689e-49fc-b3ff-a411fc12d459,2.6,0.4,96,96,0,0,2026-09-20T19:43:39Z
2026-06-07,56256476-8a0d-4ae0-af6b-824a30a35914,4.6,0.6,96,96,0,0,2026-09-20T19:43:39Z
2026-06-07,56898d10-5965-4a65-b726-3edc83ead444,0,0,96,96,0,0,2026-09-20T19:43:39Z
2026-06-07,568e0af8-0f27-4b4d-89e6-a4c5ef2f4a0d,0,0,96,0,96,0,2026-09-20T19:43:39Z
2026-06-07,56a1ca67-30c4-47f9-be7c-9e6404d906fc,5.8,0.6,96,96,0,0,2026-09-20T19:43:39Z
2026-06-07,57aca648-8c97-4ddc-bb57-bb278000e23e,3.8,0.6,96,96,0,0,2026-09-20T19:43:39Z
2026-06-07,57af3f10-708b-4aea-9e1d-a9fc16f632de,0.4,0.2,96,0,96,0,2026-09-20T19:43:39Z
2026-06-07,58702e2a-0b88-4c65-a66f-77b2b369eb55,3.6,0.8,96,96,0,0,2026-09-20T19:43:39Z
2026-06-07,598e7d36-5ea6-4265-9d4b-d65e0e31ac8b,0.9,0.3,96,96,0,0,2026-09-20T19:43:39Z
2026-06-07,59c0dc08-984c-44d5-aa8a-7ffc10494a2d,0.618,0.111,96,96,0,0,2026-09-20T19:43:39Z
2026-06-07,5a1d75f6-d984-4a33-acc1-f0003fa347d9,2.85,0.49,96,96,0,0,2026-09-20T19:43:39Z
2026-06-07,5adcd239-4420-40b5-abe2-69082f9e24ff,2.4,0.8,96,0,96,0,2026-09-20T19:43:39Z
2026-06-07,5b0b8aff-bc71-48c0-b290-0f9a244ddfa1_554472,3.9,0.4,96,96,0,0,2026-09-20T19:43:39Z
2026-06-07,5b161d2b-ed17-4380-87b6-3821fc9cbae2,0.31,0.04,96,0,96,0,2026-09-20T19:43:39Z
2026-06-07,5b204c95-866e-47b7-84cd-e5f09f7d3e21,0.6,0.2,96,96,0,0,2026-09-20T19:43:39Z
2026-06-07,5b6746aa-c76a-4ea2-8903-5aa5bb759035,0,0,96,96,0,0,2026-09-20T19:43:39Z
2026-06-07,5b90ae0d-27a5-438a-86ac-0aabf0b123b1,0.8,0.2,96,0,96,0,2026-09-20T19:43:39Z
2026-06-07,5b9e9503-32e2-46ea-a713-be0f283c23be_031555,0.6,0.2,96,0,96,0,2026-09-20T19:43:39Z
2026-06-07,5be8b9d8-6004-4400-a436-b418b551d3d1,0,0,96,96,0,0,2026-09-20T19:43:39Z
2026-06-07,5c186f49-4eb6-431c-8fd4-d09b52ceda16,0,0,96,96,0,0,2026-09-20T19:43:39Z
2026-06-07,5c2313ae-fb38-4fcf-bad2-703db5d6cf6f,0,0,96,96,0,0,2026-09-20T19:43:39Z
2026-06-07,5d56abcb-da2f-4870-89f7-c3afb7559594,0,0,96,0,0,96,2026-09-20T19:43:39Z
2026-06-07,5d800943-7e89-4c43-ae19-0791e533df0a,5.58,0.59,96,96,0,0,2026-09-20T19:43:39Z
2026-06-07,5d8e2e64-c441-4fc6-90fc-c6fc9edfc98b,0,0,96,0,96,0,2026-09-20T19:43:39Z
2026-06-07,5e03d728-5c9e-4021-bbdf-dae79071cddd,0,0,96,96,0,0,2026-09-20T19:43:39Z
2026-06-07,5e315c9d-609a-41bc-b2ca-4ce11ca0d352,0,0,96,96,0,0,2026-09-20T19:43:39Z
2026-06-07,5e45b2c5-20ea-4e7f-b37a-a9b220ba3946_334158,0,0,96,96,0,0,2026-09-20T19:43:39Z
2026-06-07,5e4acea2-9e8f-4af4-a85e-1ce0805b394d,0,0,96,0,96,0,2026-09-20T19:43:39Z
2026-06-07,5e7efda0-4f88-448b-a0a0-860a2d79c7f7,0.02,0.02,96,0,96,0,2026-09-20T19:43:39Z
2026-06-07,5f6f2f6b-3dc2-4f3b-a571-bb3f07890718,16.2,1.3,96,96,0,0,2026-09-20T19:43:39Z
2026-06-07,6025640b-fccf-42f6-90cd-713882618ca0,0.6,0.2,96,96,0,0,2026-09-20T19:43:39Z
2026-06-07,6058218a-017c-468d-946f-7d728ee87b4f,0.07,0.07,96,96,0,0,2026-09-20T19:43:39Z
2026-06-07,60c39ee8-9340-4365-98d8-2bb788d614c8,3.8,0.4,96,0,96,0,2026-09-20T19:43:39Z
2026-06-07,6135aa0c-6582-411c-99c4-57dff9b3ba84,6.2,0.8,96,0,96,0,2026-09-20T19:43:39Z
2026-06-07,615a3b67-096b-47e1-b34d-a75dd217e9aa,0.11,0.02,96,0,96,0,2026-09-20T19:43:39Z
2026-06-07,6199bd90-858e-48da-8c63-754a3e5a82f6,1.2,0.4,96,96,0,0,2026-09-20T19:43:39Z
2026-06-07,61b7f549-29bc-44b2-9597-4631818546b4,7.6,0.8,96,96,0,0,2026-09-20T19:43:39Z
2026-06-07,61fd0b2b-4dad-454c-8fb3-e5c01af5088e,6,0.8,96,96,0,0,2026-09-20T19:43:39Z
2026-06-07,627e3b0a-46d4-424b-a978-1e9a1fa96523,0,0,96,96,0,0,2026-09-20T19:43:39Z
2026-06-07,62a067ad-54c1-4a8c-bf8a-446cbbcc7e2e,0,0,96,0,96,0,2026-09-20T19:43:39Z
2026-06-07,62dab114-8bf5-497c-b2f6-9c699062004e,0.2,0.2,96,0,96,0,2026-09-20T19:43:39Z
2026-06-07,631061e8-f6fb-4e75-b2d0-20d757cd8743,0.1,0.1,96,96,0,0,2026-09-20T19:43:39Z
2026-06-07,6350bf76-e6a0-4510-ad8e-f5f543086b70,4.2,0.6,96,0,96,0,2026-09-20T19:43:39Z
2026-06-07,63e4ac73-d70e-435e-8eb9-4f2bbf8c3ece,0.2,0.2,96,96,0,0,2026-09-20T19:43:39Z
2026-06-07,64359f1a-fa0b-4a27-b810-d54658d0a610,0.07,0.02,96,0,96,0,2026-09-20T19:43:39Z
2026-06-07,65389ec8-8980-4285-9c03-dcdc11aa26ad,1.6,0.4,96,0,96,0,2026-09-20T19:43:39Z
2026-06-07,65771d1a-abe6-42b8-9f67-053fa61052e7,6.57,0.59,96,0,96,0,2026-09-20T19:43:39Z
2026-06-07,65ac333f-ab70-45e0-b328-9df13418161f,5.2,0.4,96,96,0,0,2026-09-20T19:43:39Z
2026-06-07,65d1e089-e075-4a76-9f1d-ab2a986a34c6,11.2,0.6,96,0,96,0,2026-09-20T19:43:39Z
2026-06-07,65e770aa-72b5-4df7-8e24-23655a7e1cf5,0.5,0.2,96,96,0,0,2026-09-20T19:43:39Z
2026-06-07,65f89cf9-1a2a-47f4-ab0a-f183294a2b30,0,0,96,0,96,0,2026-09-20T19:43:39Z
2026-06-07,662e6a48-52bc-46c8-afd0-2d1b41cf6224,2,0.4,96,96,0,0,2026-09-20T19:43:39Z
2026-06-07,66e426cb-6007-4b63-88ad-e8aedd933366,0,0,96,0,96,0,2026-09-20T19:43:39Z
2026-06-07,67064570-b7c2-4d1c-ae00-17a74dde9775,2.53,0.47,93,93,0,0,2026-09-20T19:43:39Z
2026-06-07,67919a3e-319a-4b0f-a036-fcc1b82799a4,2.2,0.4,96,96,0,0,2026-09-20T19:43:39Z
2026-06-07,68504bb6-817a-4ba1-b6b3-e59a08cac69f,1.605,0.2,96,96,0,0,2026-09-20T19:43:39Z
2026-06-07,689e044c-ad34-4a6c-bd95-04dafe325c98,0.02,0.01,96,0,96,0,2026-09-20T19:43:39Z
2026-06-07,689e855f-7425-44ab-a1c4-22efd76f80d5,0,0,96,0,96,0,2026-09-20T19:43:39Z
2026-06-07,68af2f7a-0a0f-44dd-a558-1b364933f09d,0,0,96,96,0,0,2026-09-20T19:43:39Z
2026-06-07,68bce64a-5efe-4018-87fb-88b37423a83e,0,0,96,96,0,0,2026-09-20T19:43:39Z
2026-06-07,68fd3385-553f-44cc-b69d-c94eafad4bf4,0,0,96,96,0,0,2026-09-20T19:43:39Z
2026-06-07,6997c886-4414-4ce9-96d8-09b13ff9882d,12.4,0.8,96,0,96,0,2026-09-20T19:43:39Z
2026-06-07,6a43c101-4972-4491-8e67-3fa99a097cf1_248332TP,1.23,0.24,96,96,0,0,2026-09-20T19:43:39Z
2026-06-07,6b4ed390-b2b4-4bf7-84d0-e57f32e39908,2.1,0.4,96,96,0,0,2026-09-20T19:43:39Z
2026-06-07,6b5a92c7-5a5d-432e-a11c-ec5886bb103e,0.15,0.07,96,0,96,0,2026-09-20T19:43:39Z
2026-06-07,6bb600d0-7f20-417d-bf5c-f0e9dd49c1e8,3.5,0.9,96,96,0,0,2026-09-20T19:43:39Z
2026-06-07,6c205a95-12ea-4053-a75d-82be7899a678,3.2,0.8,96,96,0,0,2026-09-20T19:43:39Z
2026-06-07,6c44048f-d01e-4888-b328-2282a8d9c5d6,0,0,96,0,0,96,2026-09-20T19:43:39Z
2026-06-07,6cac7811-77fe-4b5a-95ac-6412336228e7,5.8,0.6,96,96,0,0,2026-09-20T19:43:39Z
2026-06-07,6d7fdbb7-fd33-44fe-a747-f89768f7b64b,0,0,96,0,96,0,2026-09-20T19:43:39Z
2026-06-07,6da7786a-c0d6-495c-b342-1f764945543a,0.02,0.02,96,96,0,0,2026-09-20T19:43:39Z
2026-06-07,6dba623a-9628-4c37-9992-ed8dd18e3143,3.3,0.6,96,96,0,0,2026-09-20T19:43:39Z
2026-06-07,6e0655b1-0bb1-4bec-92e1-59ab6f3f3c25,3.8,0.4,96,0,96,0,2026-09-20T19:43:39Z
2026-06-07,6e208a75-30b6-4878-901a-29804dc9ce18,0.4,0.2,96,0,96,0,2026-09-20T19:43:39Z
2026-06-07,6eff86ad-ecd1-4ace-9f1f-e2419fcdc207,1.1,0.44,96,96,0,0,2026-09-20T19:43:39Z
2026-06-07,6f356fe9-8622-44c2-8872-4641077b35d6,4.82,0.34,96,96,0,0,2026-09-20T19:43:39Z
2026-06-07,6f5f9100-ce2a-4094-9b9b-76d69be9a4cd,0.1,0.1,96,96,0,0,2026-09-20T19:43:39Z
2026-06-07,7067f3ad-126b-4da4-827d-f918b961a78c,0.42,0.23,96,96,0,0,2026-09-20T19:43:39Z
2026-06-07,706f9552-1259-4257-a651-887f41cada30,0,0,96,0,96,0,2026-09-20T19:43:39Z
2026-06-07,70f011bd-157a-42ce-a32a-74c7cb26816e,1.52,0.2,96,96,0,0,2026-09-20T19:43:39Z
2026-06-07,712b1dd3-7d12-4e5a-b0bd-5d14a55b7061,2.4,0.4,96,0,96,0,2026-09-20T19:43:39Z
2026-06-07,713915ba-e967-4c0c-92d6-c075dc2b895c,0.2,0.2,96,96,0,0,2026-09-20T19:43:39Z
2026-06-07,71ad8409-f13d-4b7c-a2bb-23df4049f394,0,0,96,0,96,0,2026-09-20T19:43:39Z
2026-06-07,7215adf8-b143-4d2b-8afe-e02986ae163d,0,0,96,96,0,0,2026-09-20T19:43:39Z
2026-06-07,72321e7b-1fbd-4122-9710-d75c1e93c2b7,0,0,96,0,96,0,2026-09-20T19:43:39Z
2026-06-07,723a8fc4-908b-4430-91c7-9990be86540a_363307,0.1,0.1,96,96,0,0,2026-09-20T19:43:39Z
2026-06-07,724ddcb2-fed1-4e25-b7b7-055348b41fc2_384343,1.4,0.2,96,0,96,0,2026-09-20T19:43:39Z
2026-06-07,72bf626d-8710-47ca-8a5c-464388561754,0,0,96,0,96,0,2026-09-20T19:43:39Z
2026-06-07,72c5fc10-c802-4807-b680-a39f9a4e3ff8,0.512,0.118,96,96,0,0,2026-09-20T19:43:39Z
2026-06-07,72f322b2-f9b0-4162-9198-9bec9bcf1a06,0.8,0.2,96,96,0,0,2026-09-20T19:43:39Z
2026-06-07,7394c377-f7db-4ff9-b349-13ae857ca321,4.4,1,96,0,96,0,2026-09-20T19:43:39Z
2026-06-07,73c79ccc-166b-482d-a327-202bbf049fd8_128855,4,0.8,96,96,0,0,2026-09-20T19:43:39Z
2026-06-07,740e4d30-9b24-4a33-a67e-6143b1552da8,5.2,0.6,96,0,96,0,2026-09-20T19:43:39Z
2026-06-07,7453937b-088f-46d5-ad71-bdf9c9db0d48_S12,4,1,96,96,0,0,2026-09-20T19:43:39Z
2026-06-07,7467bfe3-dd5a-4ebe-9ed9-8ba383b80bc8,0,0,96,96,0,0,2026-09-20T19:43:39Z
2026-06-07,74b5245d-9d04-4c0c-8b0d-759ed2325cde,2.8,0.6,96,96,0,0,2026-09-20T19:43:39Z
2026-06-07,74b6bed8-b1d4-4e50-95da-206beee58f90,1.8,0.3,96,96,0,0,2026-09-20T19:43:39Z
2026-06-07,74d6a909-ad5a-4e66-8f2a-9ad42ec1dbb5,3.6,0.6,96,96,0,0,2026-09-20T19:43:39Z
2026-06-07,754ca431-7c31-4cea-8a5a-c62fe0b80a9d,0,0,96,0,0,96,2026-09-20T19:43:39Z
2026-06-07,759b6804-e1a1-43ec-973a-14b7d113c356,0.79,0.41,96,96,0,0,2026-09-20T19:43:39Z
2026-06-07,75b9118a-632f-491b-8b70-0dee96a1a4cf,6.2,0.6,96,0,96,0,2026-09-20T19:43:39Z
2026-06-07,765ccf38-0c5b-4164-9cfa-7b800e0248aa,0.12,0.04,96,0,96,0,2026-09-20T19:43:39Z
2026-06-07,76824692-1513-46ec-b3de-da8c75fa189a,6.2,0.6,96,0,96,0,2026-09-20T19:43:39Z
2026-06-07,7713b538-3915-4948-813a-c953c4162252_322332,0,0,96,0,96,0,2026-09-20T19:43:39Z
2026-06-07,774cc4b0-6719-457f-a6c2-5ebe3eebaad4,0,0,96,96,0,0,2026-09-20T19:43:39Z
2026-06-07,7750e57e-8a30-4e25-b91e-eb01209dbb67,2.4,0.4,96,96,0,0,2026-09-20T19:43:39Z
2026-06-07,776bf557-2955-45c2-a011-937514701ff1,3.25,0.38,96,96,0,0,2026-09-20T19:43:39Z
2026-06-07,779f3909-1e22-4f82-8038-205923852086_370567,1.1,0.2,96,0,96,0,2026-09-20T19:43:39Z
2026-06-07,77c04b44-389d-4ff6-acae-4748b76d8190,0.4,0.1,96,96,0,0,2026-09-20T19:43:39Z
2026-06-07,77c38de6-9185-43cd-b70e-863e481d65e5,0,0,96,0,96,0,2026-09-20T19:43:39Z
2026-06-07,799c66f2-7cb8-4f49-acaa-8fc0869e077e,0,0,96,96,0,0,2026-09-20T19:43:39Z
2026-06-07,79cdd844-f210-4025-b2db-056f176f2fbb,0.18,0.06,96,0,0,96,2026-09-20T19:43:39Z
2026-06-07,79d16d86-1834-4d81-86eb-f1128b056bec,2.4,0.4,96,0,96,0,2026-09-20T19:43:39Z
2026-06-07,7a255f50-e5e8-45ce-8217-65f2629a604a,0.9,0.2,96,96,0,0,2026-09-20T19:43:39Z
2026-06-07,7a90bcbb-6b9e-44ad-8eac-86b1e8fc96c8,1.03,0.39,96,96,0,0,2026-09-20T19:43:39Z
2026-06-07,7aaa5d37-637e-4f99-afb0-3aba8112bdfa_194080,0,0,96,0,96,0,2026-09-20T19:43:39Z
2026-06-07,7aee6a76-fb52-46b4-9fdc-5a9105c7ec34,0.67,0.35,96,96,0,0,2026-09-20T19:43:39Z
2026-06-07,7b02b27d-8424-41ae-a839-b74ac5e9b1f8,0,0,96,96,0,0,2026-09-20T19:43:39Z
2026-06-07,7b2e3900-99bd-4d68-9542-538b32aee047,2.6,0.8,96,96,0,0,2026-09-20T19:43:39Z
2026-06-07,7b5ad88e-06b5-44af-af75-4df0411add81,8.8,0.6,96,0,96,0,2026-09-20T19:43:39Z
2026-06-07,7be6ddf7-b0e9-4434-bdfe-29a228853d01,1.8,0.4,96,96,0,0,2026-09-20T19:43:39Z
2026-06-07,7d35fb9f-e546-437a-98f8-6dfec0697563,0.2,0.2,96,0,96,0,2026-09-20T19:43:39Z
2026-06-07,7d8303de-de30-407a-960e-66eb6248f97f,13.49,0.97,96,0,96,0,2026-09-20T19:43:39Z
2026-06-07,7e30d7d5-f820-41f1-b58c-1ee85e9790d0,0.2,0.03,96,96,0,0,2026-09-20T19:43:39Z
2026-06-07,7e997ddd-1de6-49e8-9c4a-9306761e7638,0,0,96,0,96,0,2026-09-20T19:43:39Z
2026-06-07,7eb546a1-8663-4d07-a9cc-e7b5f6e13006,0.1,0.1,96,0,96,0,2026-09-20T19:43:39Z
2026-06-07,7ec1ca0d-51ac-41cf-b2e6-102f66dcfe03,0,0,96,0,96,0,2026-09-20T19:43:39Z
2026-06-07,7ec3f61f-e348-4dfe-a001-35593471d690,2.4,0.4,96,0,96,0,2026-09-20T19:43:39Z
2026-06-07,7fac9e3c-3c53-47e0-952a-afd8c11ded0e,0.2,0.2,96,0,96,0,2026-09-20T19:43:39Z
2026-06-07,7faccfd8-624b-4c27-a410-567c250717c6,0,0,96,0,96,0,2026-09-20T19:43:39Z
2026-06-07,80786ae5-4dd1-4c30-8206-c7e62cf7ccb0,0,0,96,96,0,0,2026-09-20T19:43:39Z
2026-06-07,80adacdc-2936-48f5-b81e-03ad0afe587e,0.4,0.2,96,0,96,0,2026-09-20T19:43:39Z
2026-06-07,80e4f0d1-c34c-4880-af83-4fba7b20697c,0,0,96,96,0,0,2026-09-20T19:43:39Z
2026-06-07,80ef9b9f-389d-4a32-8158-9c911e54ead0,1.81,0.74,96,0,96,0,2026-09-20T19:43:39Z
2026-06-07,80facbe0-8c54-497e-96b9-6804eada4859,4,0.6,96,96,0,0,2026-09-20T19:43:39Z
2026-06-07,811145cd-dc4d-4d26-99d9-9b4312e63e55,0,0,96,0,96,0,2026-09-20T19:43:39Z
2026-06-07,81130578-f007-44e3-a229-14c9c15d5d71,3.16,0.45,96,96,0,0,2026-09-20T19:43:39Z
2026-06-07,8135195c-c7ed-4b09-89b7-597447afb0c7,7.8,0.8,96,0,96,0,2026-09-20T19:43:39Z
2026-06-07,8141e81a-970f-43a2-bd59-7badd94fca2a,3.4,0.6,96,96,0,0,2026-09-20T19:43:39Z
2026-06-07,8194a8f8-2844-40be-97e6-bb5392e1380d,0,0,96,96,0,0,2026-09-20T19:43:39Z
2026-06-07,821f835f-2ec5-4fc1-9ff0-f1a42e3ff873,0,0,96,0,96,0,2026-09-20T19:43:39Z
2026-06-07,82a8f957-7879-4f31-9c3f-dc7499ad5d34,0,0,96,0,96,0,2026-09-20T19:43:39Z
2026-06-07,82ae369b-b054-4414-9baf-bfc8e3030eea,0,0,96,0,96,0,2026-09-20T19:43:39Z
2026-06-07,82fd6b02-72e4-42bc-b60f-c416df1cdee9,5.4,0.8,96,0,96,0,2026-09-20T19:43:39Z
2026-06-07,83241cc6-974e-4e3d-9065-f34e992a96be,1.2,0.2,96,96,0,0,2026-09-20T19:43:39Z
2026-06-07,836a5e30-2067-4f90-b835-cea6896cfc33,0,0,96,96,0,0,2026-09-20T19:43:39Z
2026-06-07,837092e3-2eb1-4873-9bc7-e317217a6e6b,2.4,0.4,96,96,0,0,2026-09-20T19:43:39Z
2026-06-07,83757084-4978-4f15-ac9d-d231f7f2e72a,0.1,0.1,96,0,96,0,2026-09-20T19:43:39Z
2026-06-07,83a85a85-b3b5-484e-b677-7f0fcc5f32f5,1.01,0.22,96,0,96,0,2026-09-20T19:43:39Z
2026-06-07,83ad5645-a968-4225-9d29-b33307bddb34,4.68,0.48,96,96,0,0,2026-09-20T19:43:39Z
2026-06-07,83e1eafc-df1d-4378-a288-16d22bec4945,9.04,0.73,96,0,96,0,2026-09-20T19:43:39Z
2026-06-07,840fd6a8-076f-4f39-9530-89dbe4107c24,0.8,0.2,96,0,96,0,2026-09-20T19:43:39Z
2026-06-07,8457cbca-e835-4a13-98ea-e6473abea4bd,10.55,0.82,96,96,0,0,2026-09-20T19:43:39Z
2026-06-07,84588a50-e518-4e1f-9513-c59fc4881c55,0,0,96,96,0,0,2026-09-20T19:43:39Z
2026-06-07,84c40b61-9bda-430d-b56e-d25e2280a46e,0.2,0.2,96,96,0,0,2026-09-20T19:43:39Z
2026-06-07,8578948f-c994-4b0b-8ae2-4e6d07bfdb88_385441,0,0,96,96,0,0,2026-09-20T19:43:39Z
2026-06-07,857b0206-b13b-4889-961f-729d752f6df7,0.596,0.116,96,96,0,0,2026-09-20T19:43:39Z
2026-06-07,85e3d891-e1c5-47bf-850b-721c912dd2dc,0,0,96,96,0,0,2026-09-20T19:43:39Z
2026-06-07,863a5b08-ced2-4c4b-8a8e-74735b04c3f2,0.2,0.2,96,96,0,0,2026-09-20T19:43:39Z
2026-06-07,87347cd5-945d-48bb-b57e-e15a192b1b81,6.6,0.8,96,96,0,0,2026-09-20T19:43:39Z
2026-06-07,8736a5d8-133a-46cc-b277-b6a20b7fd88c_573719,6.2,0.8,96,0,96,0,2026-09-20T19:43:39Z
2026-06-07,8747d0fe-eb43-432f-aa57-afadcc8ef6d0,6.28,0.5,96,96,0,0,2026-09-20T19:43:39Z
2026-06-07,877c68b8-7026-468c-b495-4d11ea00168a,1.8,0.4,96,0,96,0,2026-09-20T19:43:39Z
2026-06-07,8789c3aa-d100-4b06-84f5-5bb23d62f5cb,0.6,0.2,96,96,0,0,2026-09-20T19:43:39Z
2026-06-07,879f997f-8a39-4783-baff-acd8a15ae769,8.78,1.54,96,96,0,0,2026-09-20T19:43:39Z
2026-06-07,87aa5ba3-ac02-4fe6-a0fe-04778fbdc456,0,0,96,0,96,0,2026-09-20T19:43:39Z
2026-06-07,87b4b709-2e14-40dd-8c96-8d706de12fb8,0.65,0.38,96,0,96,0,2026-09-20T19:43:39Z
2026-06-07,87dbc287-d4a1-4e23-9849-8ba172948f73,0.38,0.35,96,0,96,0,2026-09-20T19:43:39Z
2026-06-07,87e87278-d91d-440a-be97-2e5e0299501b,0,0,96,96,0,0,2026-09-20T19:43:39Z
2026-06-07,87ff9468-a686-4298-b06e-d38ba90cb4fb,4,0.6,96,0,96,0,2026-09-20T19:43:39Z
2026-06-07,8862e64c-337a-446a-871e-dc859fe35af9,2.9,0.5,96,96,0,0,2026-09-20T19:43:39Z
2026-06-07,8864da31-6c81-4cb1-bde9-d4ca73423222,0.01,0.01,96,0,96,0,2026-09-20T19:43:39Z
2026-06-07,88bf378e-8ad2-46d0-94a8-f7230c9640c0,7.8,1,96,0,96,0,2026-09-20T19:43:39Z
2026-06-07,88f4bf49-b3a1-46b6-8dd1-11c57b3d2b3e,2.649,0.343,96,96,0,0,2026-09-20T19:43:39Z
2026-06-07,88fc28c6-8b2f-48a0-ae57-de95f139e48f,0,0,96,96,0,0,2026-09-20T19:43:39Z
2026-06-07,89cafbf1-0666-4f51-ac8c-9a96a6f9c8b9,0.01,0.01,96,96,0,0,2026-09-20T19:43:39Z
2026-06-07,89ccf565-fb71-43b7-8dba-d843e01363c3_244027TP,0,0,96,0,96,0,2026-09-20T19:43:39Z
2026-06-07,89dccfc2-cdf8-42b0-bad3-a5f231f70638,0,0,96,0,96,0,2026-09-20T19:43:39Z
2026-06-07,89eaad02-4c88-4234-82b0-2efe9bb8ae99,2.8,0.6,96,0,96,0,2026-09-20T19:43:39Z
2026-06-07,8a4b14fe-913b-44dc-bba9-43fbdd7d94d3,3.59,0.63,96,96,0,0,2026-09-20T19:43:39Z
2026-06-07,8a94b829-d54c-402a-8586-b35cece06a2f_390511,0.1,0.1,96,96,0,0,2026-09-20T19:43:39Z
2026-06-07,8aa91605-9f60-445d-a6f7-d54d1ddb77bd,1.4,0.2,96,0,96,0,2026-09-20T19:43:39Z
2026-06-07,8b981db7-6788-411e-a75f-862bba62360c,3.6,0.6,96,96,0,0,2026-09-20T19:43:39Z
2026-06-07,8c9a12fc-0628-48c5-97d9-d90d3a9d324b,4.6,0.6,96,96,0,0,2026-09-20T19:43:39Z
2026-06-07,8c9fc034-255e-4464-8dd7-407bce549c63,1.8,0.2,96,0,96,0,2026-09-20T19:43:39Z
2026-06-07,8d145ad5-7ac9-4b5a-810b-783359f24bd7,4.3,0.4,96,96,0,0,2026-09-20T19:43:39Z
2026-06-07,8d22d1b2-d81a-4e6c-8e9d-228751a758e5,2.4,0.6,96,96,0,0,2026-09-20T19:43:39Z
2026-06-07,8d6f4287-9c5c-4cbf-81fb-c8def8376ac2,0,0,96,0,96,0,2026-09-20T19:43:39Z
2026-06-07,8d901b06-e5ca-469c-9c88-8d3de8ddda27,0,0,96,0,96,0,2026-09-20T19:43:39Z
2026-06-07,8d954129-924c-47e3-8750-5f29a59617b2,0,0,96,96,0,0,2026-09-20T19:43:39Z
2026-06-07,8da46a9f-ea17-45c4-ace4-ac9021a851ee,1.68,0.24,96,96,0,0,2026-09-20T19:43:39Z
2026-06-07,8dbdd24e-d8fa-42ef-bc75-4ed64c0533e9,0,0,96,96,0,0,2026-09-20T19:43:39Z
2026-06-07,8de159d8-774e-4a8a-b3e8-7efe37bf7592,0,0,96,96,0,0,2026-09-20T19:43:39Z
2026-06-07,8e239fdb-f224-4e81-a678-ae5687e0283d,2,0.4,96,0,96,0,2026-09-20T19:43:39Z
2026-06-07,8e34512c-9966-4b67-a71e-b04c0500845c,2.4,0.4,96,96,0,0,2026-09-20T19:43:39Z
2026-06-07,8e4ba94c-d350-4c6d-acd6-b37ff1550af2,0.8,0.4,96,96,0,0,2026-09-20T19:43:39Z
2026-06-07,8eb20676-4322-4579-a863-cc973087d222,2.29,0.31,96,0,96,0,2026-09-20T19:43:39Z
2026-06-07,8ec41d7f-cb69-4d72-beb1-1e8cc4c5a50f,3.46,0.43,96,0,96,0,2026-09-20T19:43:39Z
2026-06-07,8f39b4d3-94fc-4151-83b9-9b72d9e00342,15.1,1.6,96,96,0,0,2026-09-20T19:43:39Z
2026-06-07,8f41d2e8-db1e-42fa-b4ce-420d4f099744,0,0,96,96,0,0,2026-09-20T19:43:39Z
2026-06-07,8f4af320-dffd-405f-aea8-62211fe8c8ce,4.91,0.56,96,0,96,0,2026-09-20T19:43:39Z
2026-06-07,8fcffa7e-8b31-4a88-9d0e-8e7eba50572d,0,0,96,96,0,0,2026-09-20T19:43:39Z
2026-06-07,8ff8f061-3130-4953-b6b2-285aad946f06,1.8,0.4,96,96,0,0,2026-09-20T19:43:39Z
2026-06-07,901422cc-a2c1-4c74-9c57-26a36bb048b8,12.88,0.75,96,0,96,0,2026-09-20T19:43:39Z
2026-06-07,91111f20-4a81-49e5-87eb-0cd9cad5f302,2.4,0.4,96,0,96,0,2026-09-20T19:43:39Z
2026-06-07,9122f734-9a1c-460b-acc9-b871908a9a9c,1.2,0.4,96,0,0,96,2026-09-20T19:43:39Z
2026-06-07,9153f95f-8402-4c9a-ae03-fe03dec1ee31,1.4,0.4,96,0,96,0,2026-09-20T19:43:39Z
2026-06-07,91a0bc46-6c53-4857-8ad7-e94414fd2a40_344137,0,0,96,0,96,0,2026-09-20T19:43:39Z
2026-06-07,91a0bc46-6c53-4857-8ad7-e94414fd2a40_344138,0,0,96,0,96,0,2026-09-20T19:43:39Z
2026-06-07,92c16f63-5f5b-46d7-9526-8165cf373f46,0,0,96,0,96,0,2026-09-20T19:43:39Z
2026-06-07,92c2130e-641a-452a-a6ce-b0aba496e680,0,0,96,96,0,0,2026-09-20T19:43:39Z
2026-06-07,92d3b554-a394-4d50-aa11-56332184012c,10.6,0.6,96,0,96,0,2026-09-20T19:43:39Z
2026-06-07,931bd972-b37a-44c7-8325-9bd228fe7971,0.04,0.02,96,96,0,0,2026-09-20T19:43:39Z
2026-06-07,935b389b-7ab8-46e6-9758-f8eb3861fbba,0.2,0.2,96,96,0,0,2026-09-20T19:43:39Z
2026-06-07,93a22248-0c5a-4204-a655-f12b202b4570,1.3,0.5,96,96,0,0,2026-09-20T19:43:39Z
2026-06-07,93daf755-8bd4-4ae4-b9d0-bcfbef4453c7_350533,0,0,96,96,0,0,2026-09-20T19:43:39Z
2026-06-07,9424b476-6ae6-4096-b013-3b98fd06ac7b,0,0,96,96,0,0,2026-09-20T19:43:39Z
2026-06-07,942504a9-7141-4001-a7e9-a9415a343b50,2.7,0.7,96,96,0,0,2026-09-20T19:43:39Z
2026-06-07,94909bf3-375c-45d3-9b08-d95e40163179,0.7,0.1,96,96,0,0,2026-09-20T19:43:39Z
2026-06-07,94c50986-d4c2-40ac-b1ff-babb5f370743,1.4,0.2,96,0,96,0,2026-09-20T19:43:39Z
2026-06-07,94fd6f10-20e1-4b72-915c-5364725b14d3,0.41,0.16,96,0,96,0,2026-09-20T19:43:39Z
2026-06-07,95d28c65-f779-4a71-b224-093bbd151d16,1.4,0.4,96,96,0,0,2026-09-20T19:43:39Z
2026-06-07,95d41928-f47b-4b8c-b449-0fdcb9770c8a,0,0,96,0,96,0,2026-09-20T19:43:39Z
2026-06-07,9613da0c-52c8-4f2c-b689-75cd79f57c9d,0,0,96,96,0,0,2026-09-20T19:43:39Z
2026-06-07,96c8697d-52e0-4626-9e52-25e8db9ce83e,0.29,0.03,96,96,0,0,2026-09-20T19:43:39Z
2026-06-07,96e5afcd-06cd-41ca-bd1a-37ee8b9ce2bd,0.4,0.2,96,0,96,0,2026-09-20T19:43:39Z
2026-06-07,96f56e8d-ac3e-4e54-9959-1c6e33a73193,0.8,0.1,96,0,0,96,2026-09-20T19:43:39Z
2026-06-07,97367d32-d221-4ed7-9c81-003c0e3d4730,5.6,0.6,96,96,0,0,2026-09-20T19:43:39Z
2026-06-07,9774b339-85f1-4288-a02d-bfeb498386c5,0.41,0.03,96,0,0,96,2026-09-20T19:43:39Z
2026-06-07,97b2dffa-5e5f-4f9f-9e21-99440c30896f,0.4,0.2,96,96,0,0,2026-09-20T19:43:39Z
2026-06-07,983672a0-3fc0-46b8-b61f-b97e5d2ef7f5,0,0,96,0,96,0,2026-09-20T19:43:39Z
2026-06-07,988af376-8107-4553-8518-122a43100d44,3.8,0.6,96,0,96,0,2026-09-20T19:43:39Z
2026-06-07,989bdc2f-d82e-49f3-8538-9d7e219ce458,2.4,0.4,96,96,0,0,2026-09-20T19:43:39Z
2026-06-07,98dd24a5-7f20-471a-8079-009e2f0355ec,3.52,0.38,96,96,0,0,2026-09-20T19:43:39Z
2026-06-07,98e3da0b-beb7-4842-a44d-85d45a5f1329,5.1,0.59,96,96,0,0,2026-09-20T19:43:39Z
2026-06-07,98e6aaad-13e6-4b48-9203-894503f0f455,10.4,0.8,96,0,0,96,2026-09-20T19:43:39Z
2026-06-07,996032d9-c99e-4ffc-af17-4207a68570bb,0.02,0.01,96,96,0,0,2026-09-20T19:43:39Z
2026-06-07,99e82d91-febb-4d8c-b75c-a898bb560812,0,0,96,0,96,0,2026-09-20T19:43:39Z
2026-06-07,9a45a8f5-1f2a-4887-aaf3-38150a3647cb,1.69,0.33,96,0,96,0,2026-09-20T19:43:39Z
2026-06-07,9a96b925-f7a7-4c19-b765-d81196a0d97a,0,0,96,0,96,0,2026-09-20T19:43:39Z
2026-06-07,9a9ed23d-2bdb-4bba-9e01-e29b389be85e,1.5,0.8,96,0,96,0,2026-09-20T19:43:39Z
2026-06-07,9aedcc0b-121b-49c5-a706-9b5cb2598f05,0,0,96,96,0,0,2026-09-20T19:43:39Z
2026-06-07,9b0e4557-3a6b-4cdf-a7f7-fdcf86bf165c,0.1,0.1,96,0,96,0,2026-09-20T19:43:39Z
2026-06-07,9b495091-97a1-42b4-9b04-f4eff295cd5d,0,0,96,0,0,96,2026-09-20T19:43:39Z
2026-06-07,9bd58397-e67c-4007-aaf5-fd9dfa5d929b,0,0,96,96,0,0,2026-09-20T19:43:39Z
2026-06-07,9be538a5-e9a1-4633-9a3e-5b6c400bed5a,0.01,0.01,96,0,96,0,2026-09-20T19:43:39Z
2026-06-07,9c410154-e034-43d3-b1f9-8124f0f8b279,1.25,0.31,96,96,0,0,2026-09-20T19:43:39Z
2026-06-07,9c5a84c5-1271-4484-a0bc-8d11d2bdd023,2.76,0.55,96,96,0,0,2026-09-20T19:43:39Z
2026-06-07,9cba8a99-f947-4661-8745-3cf4350dfda5_376412,1.6,0.6,96,0,96,0,2026-09-20T19:43:39Z
2026-06-07,9cbfd7c3-d11f-4a5e-ac4c-99575bf18c86,0,0,96,96,0,0,2026-09-20T19:43:39Z
2026-06-07,9cd31b89-fa6a-46c6-857e-95d77eaf22ef,1.695,0.375,96,96,0,0,2026-09-20T19:43:39Z
2026-06-07,9d0d28be-96da-42dd-bc53-e68f82ff9074,3.2,0.6,96,96,0,0,2026-09-20T19:43:39Z
2026-06-07,9d2a5f0e-dfe9-4806-8ea2-8132ed0a639a,0,0,96,0,96,0,2026-09-20T19:43:39Z
2026-06-07,9d9a390f-6dfa-45d0-9657-7584da71b56f,0,0,96,0,96,0,2026-09-20T19:43:39Z
2026-06-07,9db60c7f-f1e8-4740-9f88-a65eab8b11db,3.1,0.5,96,96,0,0,2026-09-20T19:43:39Z
2026-06-07,9dba2bf3-f5ea-4616-ac8e-dce16dbc0dc8,0,0,96,96,0,0,2026-09-20T19:43:39Z
2026-06-07,9ddf2fba-8f6b-48b0-a39c-a3d19773374d,0,0,96,0,96,0,2026-09-20T19:43:39Z
2026-06-07,9ddf4033-8a0b-4fa1-bbbd-d9b3a35e6fcb,1.6,0.4,96,96,0,0,2026-09-20T19:43:39Z
2026-06-07,9df33fa1-5bd2-497b-a39c-5a8dcd2a563c,2.1,0.4,96,0,96,0,2026-09-20T19:43:39Z
2026-06-07,9e7b5b83-246b-4f55-b094-fbb3c30447db,0,0,96,0,96,0,2026-09-20T19:43:39Z
2026-06-07,9ecb0f69-e5bf-4350-b640-7773f5a49d63,0,0,96,0,0,96,2026-09-20T19:43:39Z
2026-06-07,9f011970-c49a-472a-bd9a-ca805a1f1081_041238,2.6,0.6,96,0,96,0,2026-09-20T19:43:39Z
2026-06-07,9f394aed-7527-4b8a-b147-2e07b6fc4975,0.05,0.01,96,0,96,0,2026-09-20T19:43:39Z
2026-06-07,9f9631fd-c5f1-4cef-a779-b3a3782b26b2,6.2,0.6,96,0,96,0,2026-09-20T19:43:39Z
2026-06-07,9fbb429c-ab7a-4f05-bc88-800ca59c6a63,0,0,96,0,0,96,2026-09-20T19:43:39Z
2026-06-07,9fcbf8c6-b643-4f58-a2be-8beff3eda295,0.4,0.2,96,96,0,0,2026-09-20T19:43:39Z
2026-06-07,a01e394e-a173-4512-8429-be2821ef0432,11,1,96,0,96,0,2026-09-20T19:43:39Z
2026-06-07,a02f12dd-624c-4cc0-a3f2-bb5216f7605e,1.15,0.19,96,96,0,0,2026-09-20T19:43:39Z
2026-06-07,a04aa8e8-45a2-4d8d-9983-7a55330693b0,0,0,96,0,96,0,2026-09-20T19:43:39Z
2026-06-07,a0855c39-31a2-4e0b-b4de-16ea4453d0eb,0,0,96,0,96,0,2026-09-20T19:43:39Z
2026-06-07,a085d57a-b72f-4ddc-ac54-e139195cd693,0,0,96,0,96,0,2026-09-20T19:43:39Z
2026-06-07,a09ac3a9-b54f-4636-96bd-9abc24ef1496,1.01,0.17,96,0,96,0,2026-09-20T19:43:39Z
2026-06-07,a143fc2b-c1eb-4218-a8b1-f58342d58bdc,0,0,96,0,0,96,2026-09-20T19:43:39Z
2026-06-07,a16ec64c-d3c3-432c-82f9-97ad4eaddf6c,5.8,0.8,96,0,96,0,2026-09-20T19:43:39Z
2026-06-07,a284bbc3-0650-436e-bc2f-dc30289d7c70,0,0,96,0,96,0,2026-09-20T19:43:39Z
2026-06-07,a3be5ed5-ba57-4035-a5a2-8947ba7fb77f,0,0,96,0,96,0,2026-09-20T19:43:39Z
2026-06-07,a3da0675-247e-44f3-8015-3b723dee419a,17.16,1.02,96,96,0,0,2026-09-20T19:43:39Z
2026-06-07,a3fafabc-3b45-4d04-bcee-44a8b61a286f,0,0,96,0,96,0,2026-09-20T19:43:39Z
2026-06-07,a405c164-8f66-4e78-9351-cb90d9698b25,0,0,96,0,96,0,2026-09-20T19:43:39Z
2026-06-07,a41044cd-639a-4826-ab35-20feee38e596,0,0,96,0,0,96,2026-09-20T19:43:39Z
2026-06-07,a415ac0a-7305-4724-a199-c5f589618f38,0,0,96,0,96,0,2026-09-20T19:43:39Z
2026-06-07,a427151b-fa40-49ef-83ac-6836841b7b37,9.01,0.72,96,96,0,0,2026-09-20T19:43:39Z
2026-06-07,a4e50221-9084-412c-9b0a-1ff2e1e84b9c,2.8,0.4,96,96,0,0,2026-09-20T19:43:39Z
2026-06-07,a4f6e7c8-eeaf-480a-af10-f823923cba4e,4,0.6,96,96,0,0,2026-09-20T19:43:39Z
2026-06-07,a51a976e-1d0a-48b3-be6e-cd0de6a3ef5a,5.2,0.6,96,96,0,0,2026-09-20T19:43:39Z
2026-06-07,a53240b8-f458-4d19-b168-1f3dc4ae8523,0,0,96,0,96,0,2026-09-20T19:43:39Z
2026-06-07,a567c3ed-ef28-4d73-a141-cdbabfd67429,1.2,0.2,96,96,0,0,2026-09-20T19:43:39Z
2026-06-07,a64831bc-7924-40f9-ab9e-36180170cbf3,2.4,0.4,96,96,0,0,2026-09-20T19:43:39Z
2026-06-07,a666b497-1919-43f2-ac4d-27feb8bdb595,1.36,0.42,96,96,0,0,2026-09-20T19:43:39Z
2026-06-07,a6712ce9-d4ed-44ea-ac75-84f2bd940a2f,0,0,96,0,96,0,2026-09-20T19:43:39Z
2026-06-07,a675576f-6454-4ac8-83cb-0f1fd3247066,0,0,96,0,96,0,2026-09-20T19:43:39Z
2026-06-07,a6860273-cf43-41ce-bf4e-1fa17257862b_398493,0,0,96,0,96,0,2026-09-20T19:43:39Z
2026-06-07,a716859f-0d9d-425d-a54d-74e489998879,0,0,96,0,96,0,2026-09-20T19:43:39Z
2026-06-07,a73dca49-f38a-45bf-9526-e38a31bed4bf,0,0,96,96,0,0,2026-09-20T19:43:39Z
2026-06-07,a75ae99f-32c9-492d-8fd7-697d5c150669,0.45,0.17,96,96,0,0,2026-09-20T19:43:39Z
2026-06-07,a75f9972-1771-4f5e-b073-34f42d1e3fe1,10.2,0.6,96,0,96,0,2026-09-20T19:43:39Z
2026-06-07,a77f7c3c-66aa-49ad-80ae-e2a0c00ea2f7,0,0,96,96,0,0,2026-09-20T19:43:39Z
2026-06-07,a7828d2e-c99a-41e5-9d04-86860fdd8d0c,3.2,0.6,96,96,0,0,2026-09-20T19:43:39Z
2026-06-07,a7914d9f-d3d6-4868-900e-97392a668680,0,0,96,0,96,0,2026-09-20T19:43:39Z
2026-06-07,a7f3adf7-ce29-42de-bac2-aba614ec4c8c_040492,2.2,0.6,96,0,96,0,2026-09-20T19:43:39Z
2026-06-07,a7f7de22-f78f-4e08-b020-1eff51f1e2de,0.31,0.13,96,0,96,0,2026-09-20T19:43:39Z
2026-06-07,a848e077-dd77-47d0-938c-015a993677a9,0.202,0.102,96,96,0,0,2026-09-20T19:43:39Z
2026-06-07,a862b4e7-5066-461e-9a9a-5afdf2a0436b,0,0,96,0,96,0,2026-09-20T19:43:39Z
2026-06-07,a8773476-0fde-40c7-a66b-0901e528e8f2,0.2,0.2,96,0,96,0,2026-09-20T19:43:39Z
2026-06-07,a882db9c-be8d-44c1-91e3-16de5b9e35d7,0,0,96,96,0,0,2026-09-20T19:43:39Z
2026-06-07,a8e1f821-33ce-4621-904e-395b6dd74df7,0.05,0.05,96,0,96,0,2026-09-20T19:43:39Z
2026-06-07,a8f51533-2255-42d3-b547-f748830cc4e3,2.8,0.6,96,96,0,0,2026-09-20T19:43:39Z
2026-06-07,a91222ba-6ef8-46a9-a589-02818ae232af,0.1,0.1,96,96,0,0,2026-09-20T19:43:39Z
2026-06-07,a92acb90-1626-40c3-865f-bd24386626e3,0.292,0.1,96,96,0,0,2026-09-20T19:43:39Z
2026-06-07,a9556662-b68b-4a2a-bc32-7f64a6b42864,1.3,0.3,96,96,0,0,2026-09-20T19:43:39Z
2026-06-07,a9b8ffdc-5a0e-4afc-97ef-d4468ed22ecc,5.8,0.8,96,0,96,0,2026-09-20T19:43:39Z
2026-06-07,a9bd8ba7-e205-4e42-9be7-6aec75004e1d,3,0.4,96,0,96,0,2026-09-20T19:43:39Z
2026-06-07,aa2877d2-732e-4ea0-8eb8-9e8466f35162_325444,0,0,96,96,0,0,2026-09-20T19:43:39Z
2026-06-07,aa34fab9-6eea-4cb0-8e5f-73e648043134,0.01,0.01,96,0,96,0,2026-09-20T19:43:39Z
2026-06-07,aaa009d0-5b43-4fb4-9e65-a06440998595,0,0,96,0,96,0,2026-09-20T19:43:39Z
2026-06-07,aad0ef63-fc3f-4635-a5c3-1bfec75af487,0,0,96,96,0,0,2026-09-20T19:43:39Z
2026-06-07,aaf8fe03-f3db-43f4-8ce6-701ebfac9ca7_5302070SC,0.8,0.4,96,96,0,0,2026-09-20T19:43:39Z
2026-06-07,ab1c3f2a-f7c3-46b4-98ee-5118d9212d33,2.9,0.5,96,96,0,0,2026-09-20T19:43:39Z
2026-06-07,ab49aab5-deca-45c9-9dcd-09088e986bf3_125217,3,0.4,96,96,0,0,2026-09-20T19:43:39Z
2026-06-07,ab787ffe-443f-470c-b815-57d1a1882a61_163471,0.2,0.2,96,96,0,0,2026-09-20T19:43:39Z
2026-06-07,abb0cc5e-1e99-408b-aca4-d026aef724de,0.1,0.09,96,96,0,0,2026-09-20T19:43:39Z
2026-06-07,abb45da2-bfad-4a36-a4c9-8b3d0c225e9c,0.01,0.01,96,96,0,0,2026-09-20T19:43:39Z
2026-06-07,ac167997-782f-4fe8-96d3-5bb78a36bd9c,2.8,0.4,96,0,96,0,2026-09-20T19:43:39Z
2026-06-07,ac48d74a-377d-4c82-b667-73d7d8d24e67,2.1,0.6,96,96,0,0,2026-09-20T19:43:39Z
2026-06-07,ac6e20d3-4d5f-4ee0-9dad-434957e5d412,0,0,96,0,96,0,2026-09-20T19:43:39Z
2026-06-07,ad1ac7f9-9ef7-4a4e-8bd2-4274e7321b68,6.2,0.6,96,96,0,0,2026-09-20T19:43:39Z
2026-06-07,ad3cbf86-2875-4f6d-b308-b5d5f0424c28,0.01,0.01,96,96,0,0,2026-09-20T19:43:39Z
2026-06-07,ad5df79a-edad-4a84-bc68-515bca680038,0,0,96,0,96,0,2026-09-20T19:43:39Z
2026-06-07,ad76d4a4-c27d-4b88-b97d-8a0f825ba709,0.48,0.11,96,96,0,0,2026-09-20T19:43:39Z
2026-06-07,adf5228c-1a0f-4071-a529-c1d49db011a0,0.8,0.4,96,0,96,0,2026-09-20T19:43:39Z
2026-06-07,ae203e80-58d0-4ebb-ba64-abfc51d3cf16,0,0,96,96,0,0,2026-09-20T19:43:39Z
2026-06-07,aea18ea6-28e6-41cd-b23a-6e0e64dd240b,1.12,0.24,96,0,96,0,2026-09-20T19:43:39Z
2026-06-07,af18e6ea-2241-4df7-af69-b9c4d782b3a2,0,0,96,96,0,0,2026-09-20T19:43:39Z
2026-06-07,afe7ae75-c792-48b8-8219-932be1723ccd,1.4,0.4,96,0,96,0,2026-09-20T19:43:39Z
2026-06-07,b000c3f6-3922-48ea-8726-4173de4998d0,0,0,96,96,0,0,2026-09-20T19:43:39Z
2026-06-07,b03b93d0-f179-4a19-a703-9dfb0af4a61a,2.2,0.4,96,0,96,0,2026-09-20T19:43:39Z
2026-06-07,b0761f6d-bf1e-4ac7-9478-daf4abcfa451,0.8,0.4,96,96,0,0,2026-09-20T19:43:39Z
2026-06-07,b0cd54a9-a315-4997-a8f6-8338c665abd2,4.17,0.47,96,0,96,0,2026-09-20T19:43:39Z
2026-06-07,b24c72d5-5ef7-42a7-84b2-6cada7f2950b_417083,0.889,0.204,96,96,0,0,2026-09-20T19:43:39Z
2026-06-07,b2b6c53b-f3e5-4fff-b70f-036c1efaa861,0.2,0.2,96,96,0,0,2026-09-20T19:43:39Z
2026-06-07,b2c7ab6a-eb3f-4f75-a588-d431a1df463d_U06,0.1,0.1,96,96,0,0,2026-09-20T19:43:39Z
2026-06-07,b2dba185-eeab-4519-905c-59d72519f734_299658,0,0,96,0,96,0,2026-09-20T19:43:39Z
2026-06-07,b35b1e8e-4514-4626-9a3a-effb080121d1,0,0,96,0,96,0,2026-09-20T19:43:39Z
2026-06-07,b36e5383-61a9-45e1-85dc-7974a2475a0f,1.2,0.2,96,96,0,0,2026-09-20T19:43:39Z
2026-06-07,b46dd41c-1747-4a3e-a7b3-6ae6388953c5,0,0,96,0,96,0,2026-09-20T19:43:39Z
2026-06-07,b47fa8d5-1aaa-4dc7-9c56-eee8b56d5b20_S50,3,0.8,96,96,0,0,2026-09-20T19:43:39Z
2026-06-07,b4aa4cfb-d3ee-4ea4-9812-03437d234c73,0,0,96,0,96,0,2026-09-20T19:43:39Z
2026-06-07,b4c27b4b-96d0-40a4-8886-e8190d543d8f,8.8,1.2,96,96,0,0,2026-09-20T19:43:39Z
2026-06-07,b515abde-cd77-4a45-a4c9-ac6439fa5791,2.2,0.4,96,96,0,0,2026-09-20T19:43:39Z
2026-06-07,b5d47d45-7d8e-4be0-8a01-20d23c95d3d0,2.8,0.6,96,0,96,0,2026-09-20T19:43:39Z
2026-06-07,b5ee078f-e06e-4d3d-8823-5faffa77db23_362910501,0,0,96,96,0,0,2026-09-20T19:43:39Z
2026-06-07,b63d3727-cd27-48eb-b137-ed97e1a94566,0,0,96,96,0,0,2026-09-20T19:43:39Z
2026-06-07,b64e45f6-d58c-425f-be08-a04683b59ade,0,0,96,0,96,0,2026-09-20T19:43:39Z
2026-06-07,b6516d65-f9ca-4ad7-9c26-9c583bfc8f64,0,0,96,0,96,0,2026-09-20T19:43:39Z
2026-06-07,b692b063-d0dd-478c-90a1-65ba02583e03,5.1,0.3,96,0,96,0,2026-09-20T19:43:39Z
2026-06-07,b69ee00c-aa73-49d0-bc62-ff4673094553,0.5,0.1,96,96,0,0,2026-09-20T19:43:39Z
2026-06-07,b6e78b2e-6fed-4d1b-bf45-4e86e43c2200,1.4,0.2,96,0,96,0,2026-09-20T19:43:39Z
2026-06-07,b6ebb017-63b5-4f30-8b6b-63dfed5f1e4f,3.828,0.76,96,96,0,0,2026-09-20T19:43:39Z
2026-06-07,b71f87b9-99fc-4d54-bc8e-f1820ac74c94,7.2,0.6,96,96,0,0,2026-09-20T19:43:39Z
2026-06-07,b779beab-751f-439d-bd30-0f79b866a399,0,0,96,96,0,0,2026-09-20T19:43:39Z
2026-06-07,b78a2bfb-9021-4311-ad12-6bdae70d5f7c,0.6,0.2,96,0,96,0,2026-09-20T19:43:39Z
2026-06-07,b7eeaae2-a4bf-43cb-87d4-3b2257afa42e,1.25,0.43,96,0,96,0,2026-09-20T19:43:39Z
2026-06-07,b80e3f9b-83f6-41ef-ab38-242564b40d72,1.903,0.3,96,0,96,0,2026-09-20T19:43:39Z
2026-06-07,b81a76b5-3a81-4222-8207-105d4a1d146b,11.8,0.8,96,0,96,0,2026-09-20T19:43:39Z
2026-06-07,b8bec9be-48e3-4900-88bc-5a8c751b36a3,0.06,0.06,96,0,96,0,2026-09-20T19:43:39Z
2026-06-07,b8cbc343-0718-47d4-be01-f581b850e9d9,1.01,0.25,96,96,0,0,2026-09-20T19:43:39Z
2026-06-07,b8d4d383-4584-4ff5-9a27-f26b616ea71a,1.4,0.2,96,96,0,0,2026-09-20T19:43:39Z
2026-06-07,b8d4da34-3050-4b30-a288-6f58cdd00c60,3.6,0.7,96,96,0,0,2026-09-20T19:43:39Z
2026-06-07,b9079dfb-eb0a-4771-8fa8-d9d9aff29046,0.02,0.02,96,0,96,0,2026-09-20T19:43:39Z
2026-06-07,b9217881-e383-40c6-b623-351125b9812f,3.99,0.34,96,96,0,0,2026-09-20T19:43:39Z
2026-06-07,b92a6557-b755-406f-9be0-c656e904069d,0,0,96,96,0,0,2026-09-20T19:43:39Z
2026-06-07,b9666646-b1c0-4799-91cc-5d16374412f1,4.6,0.4,96,96,0,0,2026-09-20T19:43:39Z
2026-06-07,b9799b73-e87c-47ae-9dab-53d3b26834f1,3.3,0.6,96,96,0,0,2026-09-20T19:43:39Z
2026-06-07,b992bb61-3123-4ff0-beb4-7a8b99d443b4,12.45,0.99,96,96,0,0,2026-09-20T19:43:39Z
2026-06-07,b9ea9b99-979d-47b3-bc86-5f8320c7180e,0,0,96,96,0,0,2026-09-20T19:43:39Z
2026-06-07,b9f17463-72e1-4161-82cf-a074657b374e,0,0,96,96,0,0,2026-09-20T19:43:39Z
2026-06-07,ba6c0bd9-8e21-4757-8eab-f57e1d4bce12,0.2,0.2,96,96,0,0,2026-09-20T19:43:39Z
2026-06-07,bac49fc0-ceac-4d36-bffe-ae6947735bc6,0,0,96,96,0,0,2026-09-20T19:43:39Z
2026-06-07,bb3f6cc2-1a9d-4f20-9012-79a612ba20a2,0.29,0.04,96,0,0,96,2026-09-20T19:43:39Z
2026-06-07,bbe495b9-a332-41cc-a833-e6138bbdce31,0,0,96,0,96,0,2026-09-20T19:43:39Z
2026-06-07,bc039b53-3cd6-4a97-98d1-578a04968014,2.6,0.4,96,0,96,0,2026-09-20T19:43:39Z
2026-06-07,bc34e640-d9ae-4362-8804-25d66ca66e4d,0.2,0.2,96,0,96,0,2026-09-20T19:43:39Z
2026-06-07,bc8e8bbd-cf14-4f46-8513-31926cf2a5cf,0.3,0.1,96,96,0,0,2026-09-20T19:43:39Z
2026-06-07,bcdb1cad-f070-49dc-9eb6-1512273b1119,0.59,0.08,96,96,0,0,2026-09-20T19:43:39Z
2026-06-07,bdc17251-0c5b-4dba-a639-8555435345ad,0,0,96,96,0,0,2026-09-20T19:43:39Z
2026-06-07,bdc4c2f3-8e01-4451-8608-8dd8a6f5c359,0.03,0.01,96,0,96,0,2026-09-20T19:43:39Z
2026-06-07,be117654-08ab-4003-8ed9-c7f433784a3d,4.22,0.44,96,96,0,0,2026-09-20T19:43:39Z
2026-06-07,be722764-e001-4e1b-826a-c69c37063d38,2.8,0.4,96,0,96,0,2026-09-20T19:43:39Z
2026-06-07,be775515-350a-44f0-bcdd-a6927857a474,4.8,0.6,96,0,96,0,2026-09-20T19:43:39Z
2026-06-07,bec536ea-569e-4f57-ad97-a5855545e985,0.02,0.01,96,96,0,0,2026-09-20T19:43:39Z
2026-06-07,bed0ef93-6faa-4f98-af56-bfb3fed3ed61_253861TP,0.79,0.23,96,96,0,0,2026-09-20T19:43:39Z
2026-06-07,bf148fe1-1f44-4872-ba6d-1941e950ba9a,0,0,96,0,0,96,2026-09-20T19:43:39Z
2026-06-07,bf217aec-f418-42a6-9b0f-a3de46d7c592,1.4,0.26,96,0,96,0,2026-09-20T19:43:39Z
2026-06-07,bf3088b0-1486-4f1b-ba18-8d150cf7c0ed,0,0,96,96,0,0,2026-09-20T19:43:39Z
2026-06-07,bf61ce31-b20e-4593-85dc-a083133b12ce,0,0,96,0,96,0,2026-09-20T19:43:39Z
2026-06-07,bfad52d4-a4dd-43c9-a162-2f79bdbc71f7,0,0,96,0,96,0,2026-09-20T19:43:39Z
2026-06-07,bfcd9243-c457-461b-9cb8-c6d5b275ef34,16.82,1.84,96,0,96,0,2026-09-20T19:43:39Z
2026-06-07,bffd8310-73d1-4265-b382-c95409f53cd1,0,0,96,0,96,0,2026-09-20T19:43:39Z
2026-06-07,c0695510-cb8a-480c-9850-e943b4ca084b,3.2,0.4,96,96,0,0,2026-09-20T19:43:39Z
2026-06-07,c0d52925-b2bd-4ccd-9538-411b7871e984,0,0,96,0,96,0,2026-09-20T19:43:39Z
2026-06-07,c15f505a-77f2-47d2-8bf2-58152705c8d8,15.4,1.2,96,0,96,0,2026-09-20T19:43:39Z
2026-06-07,c19762f5-2d97-4f44-99fe-e54536bf018c_459860,1.6,0.4,96,96,0,0,2026-09-20T19:43:39Z
2026-06-07,c1ab3bd4-e22a-4ad3-8255-d4ea642ab735,6,0.6,96,96,0,0,2026-09-20T19:43:39Z
2026-06-07,c1dca7ee-e6f1-4632-ba21-70bfe469a6f7,4,0.6,96,0,96,0,2026-09-20T19:43:39Z
2026-06-07,c21f6669-06ec-44b9-864e-ff939c22aaa2_390523,1.7,0.4,96,96,0,0,2026-09-20T19:43:39Z
2026-06-07,c2d47572-9106-4d39-80c9-8a4cd59eaf5d,0.1,0.05,96,0,96,0,2026-09-20T19:43:39Z
2026-06-07,c2e423f6-6e6c-4fbb-b2f1-7c363587e4a6,7.8,0.8,96,96,0,0,2026-09-20T19:43:39Z
2026-06-07,c34982c4-77ae-4e27-b2cd-7600418bdb63,1.4,0.4,96,0,96,0,2026-09-20T19:43:39Z
2026-06-07,c37097ef-dcae-43ef-b3e9-56584bf0b7eb,0.901,0.199,96,0,96,0,2026-09-20T19:43:39Z
2026-06-07,c3de5f7c-030b-4c65-a757-60548e5c7610,0.2,0.2,96,96,0,0,2026-09-20T19:43:39Z
2026-06-07,c4c921dd-85e0-4634-b0e6-5483f1642ff2,0,0,96,0,0,96,2026-09-20T19:43:39Z
2026-06-07,c4cceecc-19e7-471d-b57a-d04d88db1da6,0.834,0.153,96,96,0,0,2026-09-20T19:43:39Z
2026-06-07,c5272e50-0af7-4cfa-98d4-6bb0ab70ca07,3.2,1,96,96,0,0,2026-09-20T19:43:39Z
2026-06-07,c53d3783-30bb-4af7-be57-0b7e44c63d56,8.53,1.27,96,0,96,0,2026-09-20T19:43:39Z
2026-06-07,c570311e-6e39-4b72-81db-caa31871c821,0,0,96,96,0,0,2026-09-20T19:43:39Z
2026-06-07,c6354914-9463-4b2b-b126-9302316baa0d,0,0,96,0,96,0,2026-09-20T19:43:39Z
2026-06-07,c63c7d7d-7c68-433b-9c6a-2ce5c1e90d2e,0,0,96,0,96,0,2026-09-20T19:43:39Z
2026-06-07,c6c808d9-f371-498f-bf3c-ec3b672e87fa,0,0,96,0,96,0,2026-09-20T19:43:39Z
2026-06-07,c78a7b15-7a66-48b7-bead-90bfc5b98288,2.8,0.4,96,96,0,0,2026-09-20T19:43:39Z
2026-06-07,c7e33184-81ce-4b81-984a-1e7b9869d5cc,17.4,1,96,0,96,0,2026-09-20T19:43:39Z
2026-06-07,c889a7b0-e33f-4951-b82e-54b9cd7bbe70,0.79,0.43,96,96,0,0,2026-09-20T19:43:39Z
2026-06-07,c89cc787-ab14-4a15-8b22-e5ad8bc83429,0.2,0.1,96,0,96,0,2026-09-20T19:43:39Z
2026-06-07,c9161fc6-4f36-43fd-84c6-0e8e7cbdca01,13.8,1.6,96,0,96,0,2026-09-20T19:43:39Z
2026-06-07,c94d0481-e8b7-41a0-929d-275d7edc7187,0.04,0.01,96,0,96,0,2026-09-20T19:43:39Z
2026-06-07,c95003f4-abd0-4f91-9cbe-8b8af9764891,0,0,96,96,0,0,2026-09-20T19:43:39Z
2026-06-07,c95ee2a8-b1d2-4d7d-a488-cb3f16bbc72a,0,0,96,96,0,0,2026-09-20T19:43:39Z
2026-06-07,cab00076-b1f9-4efa-873b-157bde87261c,3,1,96,96,0,0,2026-09-20T19:43:39Z
2026-06-07,cb133ca8-a246-41c8-8e97-2ded6aa1f7b5,2.1,0.5,96,96,0,0,2026-09-20T19:43:39Z
2026-06-07,cb8b7f2b-0a17-4ec4-83b4-8729c7568ca2,8.91,1.11,96,0,96,0,2026-09-20T19:43:39Z
2026-06-07,cb95e182-911f-4ad6-a938-16728934ec34,0.01,0.01,96,0,96,0,2026-09-20T19:43:39Z
2026-06-07,cbd85eb5-b6fe-4478-b2e8-245205ef84e3,13.8,1,96,0,96,0,2026-09-20T19:43:39Z
2026-06-07,cbe2256f-7547-4867-85b2-23d200548cdd,3.9,1.1,96,96,0,0,2026-09-20T19:43:39Z
2026-06-07,cc377290-91e6-4881-9463-8ac99e9fd17a,3.2,0.8,96,96,0,0,2026-09-20T19:43:39Z
2026-06-07,cc7b65b4-e5e7-4a23-8dc4-5ca300d414a3,2.4,0.4,96,96,0,0,2026-09-20T19:43:39Z
2026-06-07,cc9824a3-f516-49e7-8cea-56d72fb0c9dd,7.2,1.2,96,0,96,0,2026-09-20T19:43:39Z
2026-06-07,cccda7a5-1615-4d49-8f49-48f7c9bb249a,15.8,0.7,96,0,96,0,2026-09-20T19:43:39Z
2026-06-07,ccd2dcd2-9439-41e6-9e0a-cf124e772a68_084532,3.57,0.39,96,0,96,0,2026-09-20T19:43:39Z
2026-06-07,cd83b4ef-1ab1-46dd-8873-88aff8ac56ef,0.2,0.2,96,96,0,0,2026-09-20T19:43:39Z
2026-06-07,cdb7b894-04b5-4548-bca6-a0309e91efc3,0,0,96,0,96,0,2026-09-20T19:43:39Z
2026-06-07,cdcf2d17-e144-453e-aa15-a2e1670ca337,0,0,96,0,96,0,2026-09-20T19:43:39Z
2026-06-07,ce041552-6cb0-4896-9fa3-7b82d7424be7,0.4,0.1,96,96,0,0,2026-09-20T19:43:39Z
2026-06-07,ce0ea187-2e41-4bc6-8455-c7898a1f3cdb,0,0,96,96,0,0,2026-09-20T19:43:39Z
2026-06-07,ce3bd7bc-bdc6-452a-b068-0a2febd70bcb,0,0,96,96,0,0,2026-09-20T19:43:39Z
2026-06-07,ce621ede-07b6-489f-83ab-92d2b99b44d9,0,0,96,96,0,0,2026-09-20T19:43:39Z
2026-06-07,ce86f76a-06a1-4f93-9478-78848f343438,7.68,0.51,96,96,0,0,2026-09-20T19:43:39Z
2026-06-07,cf11be0e-d67e-435d-9959-bc0efe78e9a8,0,0,96,96,0,0,2026-09-20T19:43:39Z
2026-06-07,cf79b9c5-553c-4bd5-a8de-0974956a521b,0.6,0.2,96,96,0,0,2026-09-20T19:43:39Z
2026-06-07,cf7fa6ec-5097-4c0a-978d-1f74cc222bed,0,0,96,0,96,0,2026-09-20T19:43:39Z
2026-06-07,cfad1986-c0f7-43bb-ab19-469c9f3c61a5,0,0,96,96,0,0,2026-09-20T19:43:39Z
2026-06-07,cfae0655-8b64-47b7-a158-710b0ab9da7b,12.28,1.16,96,0,96,0,2026-09-20T19:43:39Z
2026-06-07,cffedf52-af6f-4393-9317-412f410d4e7c,4.18,0.42,96,0,96,0,2026-09-20T19:43:39Z
2026-06-07,d02f8fa1-030e-4f35-bb86-922f1e570ecc,5.1,0.9,96,96,0,0,2026-09-20T19:43:39Z
2026-06-07,d030d4a1-e9bf-4d16-9116-76966ec1d112_GSAMGR,0,0,96,0,96,0,2026-09-20T19:43:39Z
2026-06-07,d0cb7f45-b6af-4242-8d2e-df2ae3e0bb26,0.759,0.245,96,96,0,0,2026-09-20T19:43:39Z
2026-06-07,d0d00ab4-bfa9-458c-96c3-33dd5a401559_601304,6,0.6,96,0,96,0,2026-09-20T19:43:39Z
2026-06-07,d0de6bdf-d02b-488c-9273-1cab0a389045,0,0,96,0,96,0,2026-09-20T19:43:39Z
2026-06-07,d11724b7-8530-4435-aec0-28be3cddcac5,9.2,0.8,96,0,96,0,2026-09-20T19:43:39Z
2026-06-07,d140f62b-b08a-4a64-be9d-f808f4e06140_133946,2.4,0.6,96,96,0,0,2026-09-20T19:43:39Z
2026-06-07,d1803c5a-e461-404b-8750-7f946456a6c6,0,0,96,0,0,96,2026-09-20T19:43:39Z
2026-06-07,d19ee1ee-9e00-497b-aa28-d84d379097e4,2.4,0.6,96,96,0,0,2026-09-20T19:43:39Z
2026-06-07,d2507d03-75aa-4a1b-b053-76bb3dfefc6a,4.8,0.6,96,96,0,0,2026-09-20T19:43:39Z
2026-06-07,d280d70f-b87d-4617-93bf-77ee60a0e0dc,0,0,96,96,0,0,2026-09-20T19:43:39Z
2026-06-07,d2837912-4cf6-4924-9503-c52131d1ab97,0,0,96,96,0,0,2026-09-20T19:43:39Z
2026-06-07,d2b5349b-5496-4a1a-a834-be3b948beb9f,0,0,96,96,0,0,2026-09-20T19:43:39Z
2026-06-07,d2c8e9d4-7072-42fe-9803-2d908c9132f6,2.2,0.4,96,96,0,0,2026-09-20T19:43:39Z
2026-06-07,d3238570-c5b1-4472-9bbe-5fc0dd53f441,1.34,0.24,96,0,96,0,2026-09-20T19:43:39Z
2026-06-07,d3d52f3d-cdd5-4c79-965c-d90cc0716996,0,0,96,0,96,0,2026-09-20T19:43:39Z
2026-06-07,d4553d75-862e-4436-8cfa-ff5b216f04bb,0.3,0.1,96,96,0,0,2026-09-20T19:43:39Z
2026-06-07,d4841fde-8e76-4b5c-9e2f-a77be546dc16,0,0,96,0,96,0,2026-09-20T19:43:39Z
2026-06-07,d4c4394f-242a-4e01-bf0c-365bb31457dd,1.515,0.305,96,96,0,0,2026-09-20T19:43:39Z
2026-06-07,d4ff6bf5-a7dd-45cb-a74e-221b3a1a889d,3.4,0.6,96,0,96,0,2026-09-20T19:43:39Z
2026-06-07,d52d0eab-1e64-4d76-a1f2-e81c7948d2c0_435510,5,0.6,96,96,0,0,2026-09-20T19:43:39Z
2026-06-07,d58493a8-2a6e-4fb3-b9ad-5a09a8c965dc,0.8,0.3,96,96,0,0,2026-09-20T19:43:39Z
2026-06-07,d5a68302-2d66-400f-bff8-43d09ea31204,0.6,0.2,96,0,96,0,2026-09-20T19:43:39Z
2026-06-07,d5b6b189-faf9-4f9e-8809-1c4936aeecda,0,0,96,96,0,0,2026-09-20T19:43:39Z
2026-06-07,d5bd28a2-93f3-4685-a786-87963127fa21,1,0.3,96,96,0,0,2026-09-20T19:43:39Z
2026-06-07,d64d746d-ccaa-4380-8bb9-6ae619b2b97e,0,0,96,0,0,96,2026-09-20T19:43:39Z
2026-06-07,d7e8024e-7c6f-447c-b3e6-6bc0f60b310a,0,0,96,0,96,0,2026-09-20T19:43:39Z
2026-06-07,d8333bc4-b9f8-4984-bdc6-77909c81e473,0,0,96,0,96,0,2026-09-20T19:43:39Z
2026-06-07,d836c809-c260-41a5-8ed8-88dad8b64774_135237,2,0.6,96,96,0,0,2026-09-20T19:43:39Z
2026-06-07,d891e8a2-b9ce-4f71-a67a-70ce70350350,0.1,0.1,96,96,0,0,2026-09-20T19:43:39Z
2026-06-07,d893ec6b-7667-4d95-8143-b4bf8b0a02d5,0,0,96,96,0,0,2026-09-20T19:43:39Z
2026-06-07,d8c81b13-1a48-4f21-bef8-486e9c17b9f3,1.81,0.45,96,0,96,0,2026-09-20T19:43:39Z
2026-06-07,d949ed16-0a1d-4d43-9597-7b4af6b7ffe5,0.01,0.01,96,0,96,0,2026-09-20T19:43:39Z
2026-06-07,d9a62b08-ee26-40c4-a436-fdc51052e245,0.03,0.01,96,96,0,0,2026-09-20T19:43:39Z
2026-06-07,da185f7d-4243-4879-95f3-9f395a4f21b1,3.64,0.54,96,96,0,0,2026-09-20T19:43:39Z
2026-06-07,da31a847-9372-4a5d-a124-1e3858a23a52,7.4,0.8,96,96,0,0,2026-09-20T19:43:39Z
2026-06-07,db0d9419-103c-4177-8840-617328987b9c,0,0,96,0,96,0,2026-09-20T19:43:39Z
2026-06-07,db1e783a-14f8-4dcc-9d66-e736f204a39d,5.6,0.6,96,0,96,0,2026-09-20T19:43:39Z
2026-06-07,dbf01d98-3073-49b2-8353-8b8b755ed07e,7.41,0.61,96,96,0,0,2026-09-20T19:43:39Z
2026-06-07,dce732a2-e673-4341-b2b0-41cf95a63411,2,1.2,96,0,0,96,2026-09-20T19:43:39Z
2026-06-07,dd55abdc-76ed-4ec0-92b4-144aad475a2f,2,0.4,96,96,0,0,2026-09-20T19:43:39Z
2026-06-07,dd83b9ea-defb-449d-b475-4604ca54044a,0,0,96,96,0,0,2026-09-20T19:43:39Z
2026-06-07,de3285a5-0abf-4c5b-8ee2-63187f9124ae,0,0,96,96,0,0,2026-09-20T19:43:39Z
2026-06-07,de41e7ba-71f8-495d-b171-8a3cbcbb523f,4.99,0.52,96,96,0,0,2026-09-20T19:43:39Z
2026-06-07,de5887ea-fa80-4ac1-8a17-0264c6e624f0_438954,0,0,96,96,0,0,2026-09-20T19:43:39Z
2026-06-07,de8bb5b8-45a5-4282-8028-6268e5af1d30,0.11,0.05,96,0,96,0,2026-09-20T19:43:39Z
2026-06-07,df320ae5-f998-43f6-9a1e-c9e79f30b081,4.96,0.55,96,0,96,0,2026-09-20T19:43:39Z
2026-06-07,e01eaf91-3a94-47d2-a987-d24706fec3bd,0,0,96,0,96,0,2026-09-20T19:43:39Z
2026-06-07,e02a1b65-521b-4672-a336-14aae201ac78_062046,2,0.4,96,96,0,0,2026-09-20T19:43:39Z
2026-06-07,e09c3d56-07d9-4354-b553-616a4680ed40,0.06,0.02,96,0,96,0,2026-09-20T19:43:39Z
2026-06-07,e0e4b6f0-cf06-4411-8e05-f3a00416d600,1.8,0.4,96,96,0,0,2026-09-20T19:43:39Z
2026-06-07,e147663c-ada8-4fdc-9a91-6f8a56f610d9,0,0,96,0,96,0,2026-09-20T19:43:39Z
2026-06-07,e166234e-cf65-4baa-ada6-4cd3b027f388,0.1,0.1,96,0,96,0,2026-09-20T19:43:39Z
2026-06-07,e1ea3158-4b67-4dcc-b869-5a751deb8413,0.6,0.2,96,0,96,0,2026-09-20T19:43:39Z
2026-06-07,e1f078dd-8914-4382-af87-abdf7e09d898,0,0,96,0,96,0,2026-09-20T19:43:39Z
2026-06-07,e32552e7-61fc-46f0-b5eb-e89930abc712_473716,3,0.6,96,96,0,0,2026-09-20T19:43:39Z
2026-06-07,e3990cb0-3ae8-4cd4-b009-55290be90c92_318245,0.4,0.2,96,96,0,0,2026-09-20T19:43:39Z
2026-06-07,e39be17a-5564-43b4-ac34-0f884700e998,0,0,96,96,0,0,2026-09-20T19:43:39Z
2026-06-07,e3e29994-311f-4cbc-8d5f-e35d2937e334,0.48,0.06,96,0,96,0,2026-09-20T19:43:39Z
2026-06-07,e40d8911-61ef-43ea-be44-dedca27b4736,3.13,0.82,96,96,0,0,2026-09-20T19:43:39Z
2026-06-07,e485da02-9a0d-4f66-a181-22130b0f4a74,3.95,0.34,96,96,0,0,2026-09-20T19:43:39Z
2026-06-07,e506ff84-fba3-4673-86a3-f24b5a73984a,6.98,0.71,96,96,0,0,2026-09-20T19:43:39Z
2026-06-07,e56a9e4b-b8c7-4202-b557-942b0b3022bd,3,0.4,96,96,0,0,2026-09-20T19:43:39Z
2026-06-07,e584b095-fa71-4106-b877-bfdd9a248d29,1,0.2,96,0,96,0,2026-09-20T19:43:39Z
2026-06-07,e59cfed8-b1a9-46e2-af8a-628b5c95d596,5.2,0.6,96,96,0,0,2026-09-20T19:43:39Z
2026-06-07,e5c5f6ac-65d1-4d96-8463-01f62af8dea6,1.9,0.5,96,0,0,96,2026-09-20T19:43:39Z
2026-06-07,e683ab18-2507-43b3-b901-ef518d3657df,0.2,0.1,96,0,96,0,2026-09-20T19:43:39Z
2026-06-07,e6ad9622-c241-4642-bde0-44d307ddd9c2,2.4,0.4,96,96,0,0,2026-09-20T19:43:39Z
2026-06-07,e6b22587-c27d-4675-b319-38cab9a95de2,6.94,0.99,96,0,96,0,2026-09-20T19:43:39Z
2026-06-07,e72a8004-1a7e-4c4c-a4b3-5ef3b3adc3c3,3.2,0.4,96,0,96,0,2026-09-20T19:43:39Z
2026-06-07,e7d3166f-1f22-4036-a920-1ec6526f1cd4,0.04,0.02,96,0,96,0,2026-09-20T19:43:39Z
2026-06-07,e7d9bc1c-3332-4c41-b10f-7bc6351c762c,2.06,0.436,96,96,0,0,2026-09-20T19:43:39Z
2026-06-07,e7e2f7d4-f497-4adc-b077-c20bc2dcedfa,0.5,0.2,96,96,0,0,2026-09-20T19:43:39Z
2026-06-07,e7e502df-d5fa-42b5-850f-5fe3be38ee7e,0,0,96,96,0,0,2026-09-20T19:43:39Z
2026-06-07,e8bcbd97-5e2a-45d0-b4c8-56234bddb6d4,0,0,96,96,0,0,2026-09-20T19:43:39Z
2026-06-07,e95f12d8-a67b-459d-a9ab-bb233c20799d,2.4,0.4,96,96,0,0,2026-09-20T19:43:39Z
2026-06-07,e96ee0dd-5afd-448c-b189-a4f018debae4,0.12,0.03,96,96,0,0,2026-09-20T19:43:39Z
2026-06-07,e97f1ed0-360f-43a5-8384-c46fd6ffd7ce,7.4,0.6,96,96,0,0,2026-09-20T19:43:39Z
2026-06-07,e988641d-b96c-4d91-8207-3fb8f3125143,0,0,96,0,0,96,2026-09-20T19:43:39Z
2026-06-07,e99b9749-8dd0-476c-a359-1cd3ed6c5173,0.1,0.1,96,96,0,0,2026-09-20T19:43:39Z
2026-06-07,e9cfba22-fc5e-4ef7-8f4f-001518374cd9,3.2,0.6,96,0,96,0,2026-09-20T19:43:39Z
2026-06-07,e9e63924-565e-4d97-9cc0-ea1f511a7a04,2.4,0.6,96,96,0,0,2026-09-20T19:43:39Z
2026-06-07,ea09488b-5d25-47cf-b24d-9d100104d432,1,0.2,96,96,0,0,2026-09-20T19:43:39Z
2026-06-07,ea097ddb-5756-4881-b43c-f11972b137b9,0,0,96,0,0,96,2026-09-20T19:43:39Z
2026-06-07,ea1c4478-b21e-432b-b7e5-6d3122789732,1.135,0.205,96,96,0,0,2026-09-20T19:43:39Z
2026-06-07,ea25bd59-acfa-48ee-81c4-0dc4ac8eca75,0,0,96,96,0,0,2026-09-20T19:43:39Z
2026-06-07,ea79c66d-88d9-409c-b57f-78a40c9ff45e,0,0,96,0,96,0,2026-09-20T19:43:39Z
2026-06-07,ea7adb9e-bbbd-4973-bc18-cf1991d8ce6d,0,0,96,96,0,0,2026-09-20T19:43:39Z
2026-06-07,eb008720-491b-418d-8cc3-8e4512d1517b,0.02,0.01,96,96,0,0,2026-09-20T19:43:39Z
2026-06-07,eb09e0d5-288f-438c-b817-d88461441f06,0.4,0.2,96,0,96,0,2026-09-20T19:43:39Z
2026-06-07,eb18d605-08c3-4e53-96b6-b3fc022e8cdb,1.2,0.2,96,96,0,0,2026-09-20T19:43:39Z
2026-06-07,eb5738b8-6614-41e7-888f-6909962888d1,0,0,96,0,96,0,2026-09-20T19:43:39Z
2026-06-07,eb5d2f5c-f57e-4272-9cf2-cb130d6a8b54,0,0,96,0,96,0,2026-09-20T19:43:39Z
2026-06-07,eb6c1930-b131-4d71-9ce2-3616abd6ea39_382133,0.2,0.2,96,96,0,0,2026-09-20T19:43:39Z
2026-06-07,eb7c1280-5f53-4615-bcbe-286ba83ba073,3.27,0.6,96,96,0,0,2026-09-20T19:43:39Z
2026-06-07,eb9c41ca-284b-4ae2-b290-415517e8ada1,1.6,0.3,96,96,0,0,2026-09-20T19:43:39Z
2026-06-07,eba07158-07a9-4649-aeda-739af9b74772,0.5,0.21,96,96,0,0,2026-09-20T19:43:39Z
2026-06-07,eba553ad-a6ca-45b3-9439-cccb8f71b2ad,0.4,0.2,96,96,0,0,2026-09-20T19:43:39Z
2026-06-07,ebaac028-51c8-4f76-85d4-94343ee576b4_600986,7,0.8,96,96,0,0,2026-09-20T19:43:39Z
2026-06-07,ebcf8c37-76ec-4d38-9354-ba0ab0789ffa,0.8,0.2,96,0,96,0,2026-09-20T19:43:39Z
2026-06-07,ebe7dd2a-e14f-4179-bebc-74eebb7b5207,1.6,0.6,96,96,0,0,2026-09-20T19:43:39Z
2026-06-07,ebf0f3ea-73a4-469c-ba40-7fea1409374e,0,0,96,0,96,0,2026-09-20T19:43:39Z
2026-06-07,ebf32a1d-d6e2-4bca-b222-08db2bdfc37d,2.6,0.4,96,0,96,0,2026-09-20T19:43:39Z
2026-06-07,ec4e8735-fc90-4371-abd1-b625ced110e1,0.22,0.07,96,0,96,0,2026-09-20T19:43:39Z
2026-06-07,ec5cad4f-165a-4b89-a49d-6aa36fd9c940,1.513,0.338,96,96,0,0,2026-09-20T19:43:39Z
2026-06-07,ec5d6348-4c3f-4b5b-8273-7508d6989e6c,5.37,0.5,96,0,96,0,2026-09-20T19:43:39Z
2026-06-07,eca2f09e-3951-48f1-b303-1e66c3097fde,0.2,0.07,96,0,96,0,2026-09-20T19:43:39Z
2026-06-07,ecc163a9-742d-4228-be89-11ed821cbbd9,6.6,0.6,96,96,0,0,2026-09-20T19:43:39Z
2026-06-07,ecc40362-51bd-44e5-9dd9-c117d26fdec5,0.24,0.1,96,96,0,0,2026-09-20T19:43:39Z
2026-06-07,ed2ca03c-8560-44e5-8f69-41f429afd909,7.03,0.86,96,96,0,0,2026-09-20T19:43:39Z
2026-06-07,ed838ebe-d1cc-4340-a9f6-7d54864b1552,1.5,0.3,96,96,0,0,2026-09-20T19:43:39Z
2026-06-07,edb3323b-9f34-4f72-9ace-e12612b8b06a,1.3,0.3,96,96,0,0,2026-09-20T19:43:39Z
2026-06-07,edcbab4c-8de3-45ba-a4ee-d83157917cc8,1.8,0.4,96,96,0,0,2026-09-20T19:43:39Z
2026-06-07,eddde829-2f2a-46df-998c-ba11cb760750,0.6,0.3,96,96,0,0,2026-09-20T19:43:39Z
2026-06-07,ee3702af-ac65-4191-8b72-7fb7c84c670c,0.6,0.2,96,96,0,0,2026-09-20T19:43:39Z
2026-06-07,ef096d02-3a5e-4883-a921-e5782f778cae,0,0,96,96,0,0,2026-09-20T19:43:39Z
2026-06-07,ef62b1fe-af10-45bb-839a-f57ed671603b,0,0,96,0,96,0,2026-09-20T19:43:39Z
2026-06-07,f0185429-0975-48ae-b20a-b241762bb97b,1,0.4,96,96,0,0,2026-09-20T19:43:39Z
2026-06-07,f0676423-f697-4dec-8958-440f335cce9a,0.8,0.2,96,0,96,0,2026-09-20T19:43:39Z
2026-06-07,f0750421-2e3b-4274-9020-60f14d852c56,0.6,0.1,96,96,0,0,2026-09-20T19:43:39Z
2026-06-07,f0c038e6-5a80-45c3-85fd-e8401f7acaa8,0,0,96,0,96,0,2026-09-20T19:43:39Z
2026-06-07,f1152bc8-d4cf-411c-92ae-6bf9b2586027_396165,2,0.5,96,96,0,0,2026-09-20T19:43:39Z
2026-06-07,f14b1e6e-4307-4cef-853c-bf980b55a941,0,0,96,0,96,0,2026-09-20T19:43:39Z
2026-06-07,f1be9f13-48b4-4c97-a53a-beb647e33bbb,0.01,0.01,96,96,0,0,2026-09-20T19:43:39Z
2026-06-07,f1d504f1-32df-4ef8-8ca2-4c9b14177f72,4.4,0.4,96,0,96,0,2026-09-20T19:43:39Z
2026-06-07,f2a27c78-7c38-4091-89fe-898ab1854507,3.25,0.52,96,0,96,0,2026-09-20T19:43:39Z
2026-06-07,f2d5edc0-e846-4aaf-b313-dc13a2067c41,6.8,0.8,96,96,0,0,2026-09-20T19:43:39Z
2026-06-07,f32a3c59-5dc3-47c7-9ed2-88af9ed331ef,0.2,0.1,96,96,0,0,2026-09-20T19:43:39Z
2026-06-07,f33b86ef-da78-4676-8fdb-237bb208e913,0,0,96,0,0,96,2026-09-20T19:43:39Z
2026-06-07,f35a7a31-4d58-48e5-a884-c00460722abe,2.2,0.4,96,96,0,0,2026-09-20T19:43:39Z
2026-06-07,f37a0c9e-b91e-4ace-90bb-7d35af3855b5,0,0,96,96,0,0,2026-09-20T19:43:39Z
2026-06-07,f3ba42d5-1512-4ca5-8d92-fa1f4416dadd,0,0,96,0,96,0,2026-09-20T19:43:39Z
2026-06-07,f401a8a5-b39a-4e8a-a4ad-a3441c048236,0,0,96,0,96,0,2026-09-20T19:43:39Z
2026-06-07,f48501f0-f2bb-449d-abed-e6ad94bb8428,0,0,96,0,96,0,2026-09-20T19:43:39Z
2026-06-07,f49e0ef0-79b8-4dc6-8a41-2fe55deedf7a,0.091,0.077,96,96,0,0,2026-09-20T19:43:39Z
2026-06-07,f553305f-607e-49c1-b4c8-2334b41eb2e7,0,0,96,0,0,96,2026-09-20T19:43:39Z
2026-06-07,f5fc1678-555b-4d8f-82fa-9a07a9da0987,0,0,96,0,96,0,2026-09-20T19:43:39Z
2026-06-07,f6f78d2d-4398-481f-af20-234dfd7b8de7,0.03,0.03,96,0,96,0,2026-09-20T19:43:39Z
2026-06-07,f76bb8cf-c2d2-4f3e-ab2a-195f62828337,1,0.4,96,96,0,0,2026-09-20T19:43:39Z
2026-06-07,f7df1039-5131-41ac-aa0a-9e5817945f1f,0,0,96,96,0,0,2026-09-20T19:43:39Z
2026-06-07,f7f930bb-d6b3-4e82-8eb4-8486a8fd8397,0,0,96,96,0,0,2026-09-20T19:43:39Z
2026-06-07,f8093480-7cda-45e8-8e0a-7b1723b4f989,0,0,96,0,96,0,2026-09-20T19:43:39Z
2026-06-07,f865641b-593a-4219-8e81-0cb66885d4e1,0,0,96,96,0,0,2026-09-20T19:43:39Z
2026-06-07,f89f0b70-c4be-40dd-b9fe-786f8108ab4f,0,0,96,0,96,0,2026-09-20T19:43:39Z
2026-06-07,f8aa2ccd-8180-437c-a419-0a789b5855c5,0.01,0.01,96,0,96,0,2026-09-20T19:43:39Z
2026-06-07,f8fe5b19-20c2-4176-815b-98f0851e15ad,1.83,0.78,96,0,96,0,2026-09-20T19:43:39Z
2026-06-07,f9585e3c-825b-41c1-b0cc-c615ed2f4f92,5.2,0.46,96,96,0,0,2026-09-20T19:43:39Z
2026-06-07,f9bbdf9a-26db-472b-bbef-baf9c304b71c,0,0,96,0,96,0,2026-09-20T19:43:39Z
2026-06-07,fa3b53f9-6d1c-4357-a6c0-7e1a0fd4fc37,8.6,0.6,96,0,96,0,2026-09-20T19:43:39Z
2026-06-07,fa4e5134-c5af-4a78-9c5e-575f8a9cf9bf,0.8,0.2,96,0,96,0,2026-09-20T19:43:39Z
2026-06-07,fa56d591-cb61-430a-93d8-2fe37150a99b,0,0,96,0,96,0,2026-09-20T19:43:39Z
2026-06-07,fa5ec835-4f4e-4274-bd5b-95ecc0e7afd3,2.4,0.2,96,96,0,0,2026-09-20T19:43:39Z
2026-06-07,fa6f09e1-03f0-44f0-9b42-06879d4fcc74,23.6,2,96,96,0,0,2026-09-20T19:43:39Z
2026-06-07,fa9db077-1fd0-4f9b-a945-8a6a23f2e07f,0.84,0.28,96,96,0,0,2026-09-20T19:43:39Z
2026-06-07,fab81083-5b8a-4382-bff5-934c1ad7ac7a,2.4,0.4,96,96,0,0,2026-09-20T19:43:39Z
2026-06-07,fb0d36f2-a8f1-491b-9757-43dd56199d90,2,0.4,96,0,96,0,2026-09-20T19:43:39Z
2026-06-07,fb3f99de-1e0a-4b91-9071-41bfe45b12f6,0.95,0.35,96,96,0,0,2026-09-20T19:43:39Z
2026-06-07,fb6fd184-22a7-4cf8-befb-00a0fd58cfb7,1.2,0.23,96,96,0,0,2026-09-20T19:43:39Z
2026-06-07,fb7704db-7a73-445e-93fb-2a7a3308eb80,3.4,0.6,96,0,96,0,2026-09-20T19:43:39Z
2026-06-07,fc458408-5daa-48ce-a6d2-1db6a546e668_613467,1.62,0.34,96,0,96,0,2026-09-20T19:43:39Z
2026-06-07,fc6a7825-d682-48b3-8d27-a7f621ff4cd8,12.12,0.83,96,96,0,0,2026-09-20T19:43:39Z
2026-06-07,fca86815-8ce4-4d97-8436-5c85be055495,3.2,0.6,96,96,0,0,2026-09-20T19:43:39Z
2026-06-07,fcb5b8d3-7c1c-42b9-a85c-204da2fe96ae,2,0.6,96,96,0,0,2026-09-20T19:43:39Z
2026-06-07,fce731f4-c4f4-4a06-8c14-11416a1a746d,0,0,96,0,96,0,2026-09-20T19:43:39Z
2026-06-07,fcf4c8ba-c22b-4770-bfe6-3427e54b1fa2,1.2,0.2,96,96,0,0,2026-09-20T19:43:39Z
2026-06-07,fd0021b6-2ac1-45fc-b5c9-e933b18c764b,2.27,0.56,96,0,96,0,2026-09-20T19:43:39Z
2026-06-07,fd37ac5a-f23c-4ad3-98c7-924b736d25b2,0,0,96,96,0,0,2026-09-20T19:43:39Z
2026-06-07,fd5fa6cc-7605-4b31-8b33-5ecb12495730,0,0,96,0,96,0,2026-09-20T19:43:39Z
2026-06-07,fd65d8b1-0b4e-4b5a-9460-8ff31904b9eb,0,0,96,96,0,0,2026-09-20T19:43:39Z
2026-06-07,fd8ea26c-8052-48c5-a1bb-bbd5ebbbb3d3_364176,0,0,96,96,0,0,2026-09-20T19:43:39Z
2026-06-07,fda2fe2b-9ebe-426e-a1e4-78f6925ebf6f,0,0,96,0,96,0,2026-09-20T19:43:39Z
2026-06-07,fdc553e4-ed93-4737-8dec-b1d50c034f3f,4.24,0.4,96,96,0,0,2026-09-20T19:43:39Z
2026-06-07,fdd436a9-4cd0-4fbc-a784-3c21f639c95e,0,0,96,0,96,0,2026-09-20T19:43:39Z
2026-06-07,fde4ff18-ea80-4599-aaa0-f64fcc0f85e8,0.2,0.2,96,96,0,0,2026-09-20T19:43:39Z
2026-06-07,fe3efb87-062c-4880-9dc3-7dd8f335a6d1,0,0,96,96,0,0,2026-09-20T19:43:39Z
2026-06-07,fe92e676-f7cd-4880-9965-4de2eeab848e,3.31,0.46,96,0,96,0,2026-09-20T19:43:39Z
2026-06-07,ff310078-c1c2-4743-862e-434d01073cea,0.01,0.01,96,96,0,0,2026-09-20T19:43:39Z
2026-06-07,ff45977a-d2d0-4eeb-9b59-3ee36b61ad2f,0.02,0.02,96,0,96,0,2026-09-20T19:43:39Z
2026-06-07,ffba0119-08bc-4cbb-beab-d3c3ae6bfb32,0,0,96,96,0,0,2026-09-20T19:43:39Z
2026-06-07,ffe3d0dd-a1dd-4728-8307-1522d5fde542,1,0.2,96,96,0,0,2026-09-20T19:43:39Z
2026-06-07,fff07329-3df5-45bc-915a-6e7274ece1f8,0.01,0.01,96,96,0,0,2026-09-20T19:43:39Z
